Date,??NO,Project Name,Type,Page number,Std. DUR,Real DUR,Work content,Page name,"Team/
Designer",Status,Start work,End work,Break,Note,,,,,,,,,,,,
,100100329909-01W,???? ??????????,Plan,15,50,79,"set overnotes, fmail, responsive",,1.team Dat,,,,,??t,,,,,,,,,,,,
26/02/2016,100100329909-01W,???? ??????????,New,1,6,3.5,index,js index,DatNVT,done,08:30,12:00,,order parallax + responsive,,,,,,,,,,,,
25/02/2016,100100329909-01W,???? ??????????,New,-,-,4.5,index,js index,DatNVT,done,13:00,17:30,,,,,,,,,,,,,,
25/02/2016,100100329909-01W,???? ??????????,New,-,2,1.5,code layout sub page,under,ThuyTTN,done,16:00,17:30,,,,,,,,,,,,,,
,100100329909-01W,???? ??????????,New,-,-,0,code common parts ,,,,,,,,,,,,,,,,,,,
29/02/2016,100100329909-01W,???? ??????????,Option,-,3,4,overnotes,,TrucPTT,done,13:30,17:30,,,,,,,,,,,,,,
04/03/2016,100100329909-01W,???? ??????????,Option,,3,3,kijkaku,,TrucPTT,done,08:30,11:30,,,,,,,,,,,,,,
,100100329909-01W,???? ??????????,Option,-,-,0,set js (main image),,,,,,,,,,,,,,,,,,,
04/03/2016,100100329909-01W,???? ??????????,Option,-,-,12,code responsive,,DatNVT,done,08:30,21:30,1:00,,,,,,,,,,,,,
,100100329909-01W,???? ??????????,New,,,0,Join page,,,,,,,,,,,,,,,,,,,
,100100329909-01W,???? ??????????,New,,,0,Check,,,,,,,,,,,,,,,,,,,
,100100329909-01W,???? ??????????,New,,,0,Fix,,,,,,,,,,,,,,,,,,,
26/02/2016,100100329909-01W,???? ??????????,New,3,6,8,"sub page 2, 3, 4","cut under, about/index.html, about/reason.html, about/interview.html",ThuyTTN,done,08:30,17:30,1:00,,,,,,,,,,,,,
29/02/2016,100100329909-01W,???? ??????????,New,1,2,3.5,sub page 15,set fmail,ThuyTTN,done,08:30,12:00,,design banner,,,,,,,,,,,,
26/02/2016,100100329909-01W,???? ??????????,New,4,8,8,"sub page 5,6,7,8","service/index.html, service/plan.html, service/design.html, service/maintenance.html",LamNTP,done,08:30,17:30,1:00,,,,,,,,,,,,,
26/02/2016,100100329909-01W,???? ??????????,New,4,8,8,"sub page11,12,13,14","faq/index.html
, company/index.html
company/vision.html, company/recruit.html",TrucPTT,done,08:30,17:30,1:00,,,,,,,,,,,,,
29/02/2016,100100329909-01W,???? ??????????,New,2,4,4,"sub page 9,10",overnote,TrucPTT,done,08:30,13:30,1:00,,,,,,,,,,,,,
03/03/2016,100100329909-01W,???? ??????????,New,,8,4.5,"sub page 5,6,7,8,11,12,12,14","sub page 5,6,7,8,11,12,12,14",TrucPTT,done,13:00,17:30,,set responsive,,,,,,,,,,,,
04/03/2016,100100329909-01W,???? ??????????,New,-,-,9,sub page kijkaku,ovenote & kijkaku,TrucPTT,done,11:30,21:30,1:00,"set responsive ovenote & kijkaku, check & fix sub page",,,,,,,,,,,,
07/03/2016,100100329909-01W,???? ??????????,New,-,-,5.5,sub page,all pages,ThuyTTN,done,08:30,15:00,1:00,"set responsive 2, 3, 4, 15, check & fix sub page",,,,,,,,,,,,
,,,,,,0,,,,,,,,,,,,,,,,,,,,
,100101055301-01W,?????,Plan,20,51,60.75,set tiny,,1.team Dat,,,,,??t,,,,,,,,,,,,
29/02/2016,100101055301-01W,?????,New,1,6,6,index,,LamNTP,done,10:30,17:30,1:00,,,,,,,,,,,,,
29/02/2016,100101055301-01W,?????,New,-,2,2,code layout sub page,,LamNTP,done,08:30,10:30,,,,,,,,,,,,,,
03/03/2016,100101055301-01W,?????,New,-,2,2,code common parts ,,LamNTP,done,13:00,15:00,,,,,,,,,,,,,,
02/03/2016,100101055301-01W,?????,Option,-,1,1,set tiny,,LamNTP,done,08:30,09:30,,,,,,,,,,,,,,
01/03/2016,100101055301-01W,?????,Option,-,2,2,set js (main image),,LamNTP,done,08:30,10:30,,,,,,,,,,,,,,
03/03/2016,100101055301-01W,?????,New,-,-,1.5,Join page,,LamNTP,done,08:30,10:00,,,,,,,,,,,,,,
03/03/2016,100101055301-01W,?????,New,-,-,2,Check and Fix,,LamNTP,done,10:00,12:00,,,,,,,,,,,,,,
29/02/2016,100101055301-01W,?????,New,2,4,4.5,"sub page 2, 3","clinic/concept.html
,clinic/staff.html",ThuyTTN,done,13:00,17:30,,design banner,,,,,,,,,,,,
01/03/2016,100101055301-01W,?????,New,3,6,6,"sub page 9,10,14","treatment/hate.html, treatment/lost.html, treatment/perio.html",LamNTP,done,10:30,17:30,1:00,,,,,,,,,,,,,
01/03/2016,100101055301-01W,?????,New,4,8,8,"sub page 4, 5, 6, 7","clinic/access.html,clinic/flow.html, clinic/recruit.html, treatment/maternity.html",ThuyTTN,done,08:30,17:30,1:00,,,,,,,,,,,,,
02/03/2016,100101055301-01W,?????,New,2,4,4,"sub page 15, 16","treatment/prevent.html, treatment/esthe.html",LamNTP,done,09:30,14:30,1:00,,,,,,,,,,,,,
02/03/2016,100101055301-01W,?????,New,1,2,7.75,sub page 8,treatment/child.html,ThuyTTN,done,08:30,17:15,1:00,"design frame, checkbox, design 4 illust (treatment/perio.html), design chart illust (treatment/prevent.html), design 11 illust (clinic/flow.html), design map footer, check all page (2,3,4,5,6,7,8)",,,,,,,,,,,,
01/03/2016,100101055301-01W,?????,New,4,8,8,"sub page 11,12,13,20","treatment/oral_surgery.html
treatment/caries.html
treatment/root.html
treatment/ortho.html",TrucPTT,done,08:30,17:30,1:00,set js treatment/ortho.html,,,,,,,,,,,,
02/03/2016,100101055301-01W,?????,New,3,6,6,"sub page 17,18,19","treatment/whitening.html
treatment/denture.html
treatment/implant.html",TrucPTT,done,10:30,17:30,1:00,,,,,,,,,,,,,
,,,,,,0,,,,,,,,,,,,,,,,,,,,
,,,,,,0,,,,,,,,,,,,,,,,,,,,
,,,,,,0,,,,,,,,,,,,,,,,,,,,
,100100705003-01W,,Plan,15,40,36,overnote,,2.team Manh,,,,,,,,,,,,,,,,,
29/02/2016,100100705003-01W,???? ??????????????,New,,8,3.5,index + js,,HuyTV,,14:00,17:30,,,,,,,,,,,,,,
02/03/2016,100100705003-01W,???? ??????????????,New,,,4.5,index + js,,HuyTV,done,08:30,14:00,01:00,,,,,,,,,,,,,
29/02/2016,100100705003-01W,???? ??????????????,New,,1,0.5,under,,HuyTV,done,08:30,09:00,,,,,,,,,,,,,,
01/03/2016,100100705003-01W,???? ??????????????,Option,,1,0.5,Join page,,HuyTV,done,09:30,10:00,,,,,,,,,,,,,,
29/02/2016,100100705003-01W,???? ??????????????,Option,,3,3,overnotes,,ManhT,done,08:30,11:30,,,,,,,,,,,,,,
,100100705003-01W,???? ??????????????,Option,,1,0,Check,,,,,,,,,,,,,,,,,,,
02/03/2016,100100705003-01W,???? ??????????????,Option,,1,1,Fix index,,HuyTV,done,11:00,12:00,,,,,,,,,,,,,,
02/03/2016,100100705003-01W,???? ??????????????,Option,,,1,Fix sub pages,,TramNTH,done,16:30,17:30,,,,,,,,,,,,,,
29/02/2016,100100705003-01W,???? ??????????????,New,,3,2.5,Overnotes,,ManhT,done,13:00,15:30,,,,,,,,,,,,,,
29/02/2016,100100705003-01W,???? ??????????????,New,3,6,8,"sub page 2,3, 4","strength.html, products.html, consultant.html",TramNTH,done,08:30,17:30,01:00,,,,,,,,,,,,,
01/03/2016,100100705003-01W,???? ??????????????,New,5,10,8,"sub page 5, 6, 7, 10, 11","consultation/index.html, consultation/flow.html, faq.html, service/index.html, company.html",TramNTH,done,08:30,17:30,01:00,,,,,,,,,,,,,
02/03/2016,100100705003-01W,???? ??????????????,New,3,6,3.5,"sub page 12, 13, 14","policy.html, invite.html, kinshou.html",TramNTH,done,10:30,15:00,01:00,,,,,,,,,,,,,
,,,,,,0,,,,,,,,,,,,,,,,,,,,
,,,,,,0,,,,,,,,,,,,,,,,,,,,
,100101079301-01W,,Plan,10,38,43.75,Set kijikaku,,2.team Manh,,,,,,,,,,,,,,,,,
04/03/2016,100101079301-01W,,New,1,8,8,index + js,,DiepBNH,done,08:30,17:30,01:00,,,,,,,,,,,,,
08/03/2016,100101079301-01W,,New,,2,10.75, index+tiny,,DiepBNH,done,08:30,20:15,01:00,,,,,,,,,,,,,
08/03/2016,100101079301-01W,,New,,2,1,under,,VuLDN,done,08:30,09:30,,,,,,,,,,,,,,
09/03/2016,100101079301-01W,,Option,,2,1,Join page,,VuLDN,done,08:30,09:30,,,,,,,,,,,,,,
09/03/2016,100101079301-01W,,Option,,2,2,Kijikaku,,VuLDN,done,10:30,13:30,01:00,,,,,,,,,,,,,
10/03/2016,100101079301-01W,,Option,,1,2,Check,,ManhT,done,08:30,10:30,,,,,,,,,,,,,,
09/03/2016,100101079301-01W,,Option,,2,1,Fix sub pages,,VuLDN,done,09:30,10:30,,,,,,,,,,,,,,
08/03/2016,100101079301-01W,,New,,2,2,Banner,,VuLDN,done,09:30,11:30,,,,,,,,,,,,,,
04/03/2016,100101079301-01W,,New,4,7,8,"sub page 2,3, 4, 5",,VuLDN,done,08:30,17:30,01:00,"Page 2 nhi?u trang words, trim nhi?u hçnh",,,,,,,,,,,,
07/03/2016,100101079301-01W,,New,5,10,8,"sub page 6, 7, 8, 9, 10",,VuLDN,done,08:30,17:30,1:00,,,,,,,,,,,,,
,,,,,,0,,,,,,,,,,,,,,,,,,,,
,,,,,,0,,,,,,,,,,,,,,,,,,,,
,100101030101-01W,,Plan,20,54,40,overnote,,2.team Manh,,,,,,,,,,,,,,,,,
04/03/2016,100101030101-01W,????????????????????,New,,8,8,index + js,,HuyTV,done,08:30,17:30,01:00,,,,,,,,,,,,,
07/03/2016,100101030101-01W,????????????????????,New,,3,3,index,,HuyTV,done,08:30,11:30,,,,,,,,,,,,,,
03/03/2016,100101030101-01W,????????????????????,New,,1,1,under,,HuyTV,done,09:00,10:00,,,,,,,,,,,,,,
07/03/2016,100101030101-01W,????????????????????,Option,,1,1,Join page,,HuyTV,done,13:00,14:00,,,,,,,,,,,,,,
07/03/2016,100101030101-01W,????????????????????,Option,,1,1,Check,,ManhT,done,13:00,14:00,,,,,,,,,,,,,,
07/03/2016,100101030101-01W,????????????????????,Option,,1,3,Fix index,,HuyTV,done,14:00,17:00,,,,,,,,,,,,,,
04/03/2016,100101030101-01W,????????????????????,New,,2,2,Banner,,TramNTH,done,09:30,11:30,,,,,,,,,,,,,,
04/03/2016,100101030101-01W,????????????????????,New,3,6,5,"sub page 12, 13, 14","prevent.html, kids.html, perio.html",TramNTH,done,11:30,17:30,01:00,,,,,,,,,,,,,
07/03/2016,100101030101-01W,????????????????????,New,6,10,8,"sub page 15, 16, 17, 18, 19, 20","implant.html, denture.html, esthe.html, whitening.html, occlusion.html, visit.html",TramNTH,done,08:30,17:30,01:00,,,,,,,,,,,,,
08/03/2016,100101030101-01W,????????????????????,New,6,12,8,"sub page 6, 7, 8, 9, 10, 11","painless.html, precision.html, makeshift.html, sick.html, kids-prevent.html, caries.html",TramNTH,done,08:30,17:30,01:00,,,,,,,,,,,,,
03/03/2016,100101030101-01W,????????????????????,New,6,8,5,"sub page 2, 3, 4,5","clinic/access.html, menu.html, staff.html,  flow.html",HuyTV,done,10:00,16:00,01:00,,,,,,,,,,,,,
,,,,,,0,,,,,,,,,,,,,,,,,,,,
,,,,,,0,,,,,,,,,,,,,,,,,,,,
,,,,,,0,,,,,,,,,,,,,,,,,,,,
,,,,,,0,,,,,,,,,,,,,,,,,,,,
,100100928134-01W,?????????????,Plan,20,58,84.5,"set kijikaku, overnotes",,1.team Dat,,,,,,,,,,,,,,,,,
08/03/2016,100100928134-01W,?????????????,New,1,6,5,index,,TrucPTT,done,11:00,17:00,1:00,,,,,,,,,,,,,
09/03/2016,100100928134-01W,?????????????,New,-,-,10,index,,TrucPTT,done,08:30,19:30,1:00,,,,,,,,,,,,,
10/03/2016,100100928134-01W,?????????????,New,-,-,3.5,index,,TrucPTT,done,08:30,12:00,,,,,,,,,,,,,,
10/03/2016,100100928134-01W,?????????????,New,-,2,2,code layout sub page,,TrucPTT,done,13:00,15:00,,,,,,,,,,,,,,
08/03/2016,100100928134-01W,?????????????,New,-,2,2.5,code common parts ,,TrucPTT,done,08:30,11:00,,,,,,,,,,,,,,
11/03/2016,100100928134-01W,?????????????,Option,-,4,4,set js (main image),,DatNVT,done,08:30,13:30,1:00,,,,,,,,,,,,,
11/03/2016,100100928134-01W,?????????????,Option,-,3,3.5,set kijkaku,,TrucPTT,done,08:30,12:00,,,,,,,,,,,,,,
11/03/2016,100100928134-01W,?????????????,Option,-,3,3.5,set overnote,,TrucPTT,done,13:00,16:30,,,,,,,,,,,,,,
11/03/2016,100100928134-01W,?????????????,New,-,-,2,Join page,,TrucPTT,done,16:30,18:30,,,,,,,,,,,,,,
12/03/2016,100100928134-01W,?????????????,New,-,-,1.5,Check,,TrucPTT,done,08:30,10:00,,,,,,,,,,,,,,
11/03/2016,100100928134-01W,?????????????,New,-,-,1.5,Fix,,TrucPTT,done,18:30,20:00,,,,,,,,,,,,,,
12/03/2016,100100928134-01W,?????????????,New,-,-,1,Fix,,TrucPTT,done,10:00,11:00,,,,,,,,,,,,,,
14/03/2016,100100928134-01W,?????????????,New,-,-,1.5,Fix,index.html,TrucPTT,done,08:30,10:00,,,,,,,,,,,,,,
09/03/2016,100100928134-01W,?????????????,New,-,-,3.5,sub page,,ThuyTTN,done,08:30,12:00,,design 42 banner,,,,,,,,,,,,
10/03/2016,100100928134-01W,?????????????,New,4,8,8.5,"sub page 14, 18, 19, 20","product/index.html, product/pamphlet.html, contact/index.cgi, company/index.html",ThuyTTN,done,11:00,20:30,1:00,,,,,,,,,,,,,
11/03/2016,100100928134-01W,?????????????,New,-,-,2,sub page,,ThuyTTN,done,08:30,10:30,,design illust ( reason/index.html),,,,,,,,,,,,
09/03/2016,100100928134-01W,?????????????,New,3,6,4,"sub page 2,3,4","electrical-construction/index.html, electrical-construction/jwcad.html, electrical-construction/estimation.html ",LamNTP,done,15:30,19:30,,,,,,,,,,,,,,
10/03/2016,100100928134-01W,?????????????,New,6,12,11,"sub page 5,8,9,10,11,12","electrical-construction/discontent.html, product/faq.html, reason/index.html, reason/comparison.html, reason/difference.html, reason/function.html",LamNTP,done,08:30,20:30,1:00,,,,,,,,,,,,,
11/03/2016,100100928134-01W,?????????????,New,4,8,8,"sub page 13,15,16,17","reason/support.html, product/flow.html, useful/application.html, useful/download.html  ",LamNTP,done,08:30,17:30,1:00,,,,,,,,,,,,,
10/03/2016,100100928134-01W,?????????????,New,2,4,6,"sub page 6,7, kijkaku","layout overnote, kijkaku",TrucPTT,done,15:00,21:00,,,,,,,,,,,,,,
,,,,,,,,,,,,,,,,,,,,,,,,,,
,,,,,,,,,,,,,,,,,,,,,,,,,,
,,,,,,,,,,,,,,,,,,,,,,,,,,
,,,,,,,,,,,,,,,,,,,,,,,,,,
,,,,,,,,,,,,,,,,,,,,,,,,,,
,100101067301-01W,,Plan,15,52,31.5,"overnote, fmail, kijikaku",,2.team Manh,,,,,,,,,,,,,,,,,
09/03/2016,100101067301-01W,SOTEX?,New,,9,2.5,index + js,,HuyTV,done,17:30,20:00,,,,,,,,,,,,,,
10/03/2016,100101067301-01W,SOTEX?,New,,,6.5,index,,HuyTV,done,10:00,17:30,01:00,,,,,,,,,,,,,
10/03/2016,100101067301-01W,SOTEX?,New,,2,1,under,,HuyTV,done,08:30,09:30,,,,,,,,,,,,,,
11/03/2016,100101067301-01W,SOTEX?,Option,,2,1,Join page,,HuyTV,done,13:00,14:00,,,,,,,,,,,,,,
10/03/2016,100101067301-01W,SOTEX?,Option,,3,3,overnotes,,VuLDN,done,10:30,14:30,01:00,,,,,,,,,,,,,
10/03/2016,100101067301-01W,SOTEX?,Option,,2,1.5,Check,,ManhT,done,10:30,12:00,,,,,,,,,,,,,,
09/03/2016,100101067301-01W,SOTEX?,Option,,2,0.5,Fix index,,HuyTV,done,17:00,17:30,,,,,,,,,,,,,,
11/03/2016,100101067301-01W,SOTEX?,Option,,2,1,Fix sub pages,,TramNTH,done,19:00,20:00,,,,,,,,,,,,,,
10/03/2016,100101067301-01W,SOTEX?,New,,2,1.5,Banner,,TramNTH,done,08:30,10:00,,,,,,,,,,,,,,
10/03/2016,100101067301-01W,SOTEX?,New,6,12,6.5,"sub page 6, 7, 8, 11, 12, 14","integrated.html, other.html, service/index.html, faq/index.html, company/index.html, vision.html ",TramNTH,done,10:00,17:30,01:00,,,,,,,,,,,,,
09/03/2016,100101067301-01W,SOTEX?,New,4,8,4.5,"sub page 2, 3, 5, 15",,VuLDN,done,08:30,14:00,01:00,,,,,,,,,,,,,
10/03/2016,100101067301-01W,SOTEX?,New,2,4,2,"sub page 9, 10",html Overnote,VuLDN,done,08:30,10:30,,,,,,,,,,,,,,
09/03/2016,100101067301-01W,SOTEX?,New,,4,1.5,"sub page 4, 13",,HuyTV,done,08:30,10:00,,,,,,,,,,,,,,
,,,,,,0,,,,,,,,,,,,,,,,,,,,
,,,,,,0,,,,,,,,,,,,,,,,,,,,
,100101067801-01W,,Plan,15,44,40.75,"overnote, fmail, kijikaku",,2.team Manh,,,,,,,,,,,,,,,,,
09/03/2016,100101067801-01W,???? ?????,New,,8,8,index + js,,ManhT,done,08:30,17:30,01:00,,,,,,,,,,,,,
09/03/2016,100101067801-01W,???? ?????,New,,1,1,under,,HuyTV,done,08:30,09:30,,,,,,,,,,,,,,
09/03/2016,100101067801-01W,???? ?????,Option,,3,2.75,Join page,,DiepBNH,done,17:30,20:15,,,,,,,,,,,,,,
08/03/2016,100101067801-01W,???? ?????,Option,,3,3,overnotes,,HuyTV,done,08:30,11:30,,,,,,,,,,,,,,
10/03/2016,100101067801-01W,???? ?????,Option,,1,3.5,Check,,DiepBNH,done,08:30,12:00,,,,,,,,,,,,,,
10/03/2016,100101067801-01W,???? ?????,Option,,3,4.5,Fix sub pages,,DiepBNH,done,13:00,17:30,,,,,,,,,,,,,,
08/03/2016,100101067801-01W,???? ?????,New,,3,2,Banner,,ManhT,done,13:00,15:00,,,,,,,,,,,,,,
09/03/2016,100101067801-01W,???? ?????,New,6,10,8,"sub page 2, 3,4,5,6,7","collabo/interview.html,collabo/index.html,about/index.html,
service/index.html,service/natural-garden.html,service/wooddeck.html",DiepBNH,done,08:30,17:30,01:00,,,,,,,,,,,,,
08/03/2016,100101067801-01W,???? ?????,New,,10,7,"sub page 8,9,10,11,12",,HuyTV,done,11:30,19:30,01:00,,,,,,,,,,,,,
09/03/2016,100101067801-01W,???? ?????,New,,2,1,Fmail,,HuyTV,done,11:00,12:00,,,,,,,,,,,,,,
,,,,,,0,,,,,,,,,,,,,,,,,,,,
,,,,,,0,,,,,,,,,,,,,,,,,,,,
,,,,,,0,,,,,,,,,,,,,,,,,,,,
,100100898606-01W,,Plan,15,42,41,kijikaku,,2.team Manh,,,,,,,,,,,,,,,,,
16/03/2016,100100898606-01W,?????? ??????,New,,,8,index + js,,HuyTV,done,08:30,17:30,01:00,,,,,,,,,,,,,
17/03/2016,100100898606-01W,?????? ??????,New,,,1,under,,HuyTV,done,08:30,09:30,,,,,,,,,,,,,,
17/03/2016,100100898606-01W,?????? ??????,Option,,,1,Join page,,HuyTV,done,11:00,13:00,01:00,,,,,,,,,,,,,
17/03/2016,100100898606-01W,?????? ??????,Option,,,2,Kijikaku,,HuyTV,done,09:30,11:30,,,,,,,,,,,,,,
,100100898606-01W,?????? ??????,Option,,,0,Check,,,,,,,,,,,,,,,,,,,
17/03/2016,100100898606-01W,?????? ??????,Option,,,1.5,Fix index,,HuyTV,done,13:00,14:30,,,,,,,,,,,,,,
17/03/2016,100100898606-01W,?????? ??????,Option,,,2,Fix sub pages,,HuyTV,done,14:30,16:30,,,,,,,,,,,,,,
11/03/2016,100100898606-01W,?????? ??????,New,,,1,Banner,,TramNTH,done,08:30,09:30,,,,,,,,,,,,,,
11/03/2016,100100898606-01W,?????? ??????,New,5,10,8.5,"sub page 2, 3, 4, 5, 6, 7","concept.html, access.html, flow.html, feature.html, interview.html",TramNTH,done,09:30,19:00,01:00,,,,,,,,,,,,,
12/03/2016,100100898606-01W,?????? ??????,New,4,8,8,"sub page 8, 9, 10, 11","teeth.html, food.html, hate.html, caries.html, ortho.html",TramNTH,done,08:30,17:30,01:00,,,,,,,,,,,,,
14/03/2016,100100898606-01W,?????? ??????,New,4,8,8,"sub page 12, 13, 14, 15","prevent.html, for-chilld.html, maternity.html, qa.html",TramNTH,done,08:30,17:30,01:00,,,,,,,,,,,,,
15/03/2016,100100898606-01W,?????? ??????,Option,,,2,Illustrator image,,HuyTV,done,15:30,17:30,,,,,,,,,,,,,,
,,,,,,0,,,,,,,,,,,,,,,,,,,,
,,,,,,0,,,,,,,,,,,,,,,,,,,,
,100101068501-01W,?????,Plan,15,43,46.5,"set kijikaku, tiny",,1.team Dat,,,,,,,,,,,,,,,,,
08/03/2016,100101068501-01W,?????,New,1,6,8,index,,NgocTT,done,08:30,17:30,1:00,,,,,,,,,,,,,
07/03/2016,100101068501-01W,?????,New,-,2,1,code layout sub page,,LamNTP,done,11:30,13:30,1:00,,,,,,,,,,,,,
,100101068501-01W,?????,New,-,2,0,code common parts ,,,,,,,,,,,,,,,,,,,
,100101068501-01W,?????,New,-,2,0,set js (main image),,,,,,,,,,,,,,,,,,,
,100101068501-01W,?????,New,-,1,0,set Tiny,,,,,,,,,,,,,,,,,,,
09/03/2016,100101068501-01W,?????,New,-,4,4,set kijikaku,,ThuyTTN,done,13:00,17:00,,,,,,,,,,,,,,
09/03/2016,100101068501-01W,?????,New,-,-,1.5,Join page,,ThuyTTN,done,17:00,18:30,,,,,,,,,,,,,,
09/03/2016,100101068501-01W,?????,New,-,-,1,Check,,ThuyTTN,done,18:30,19:30,,,,,,,,,,,,,,
10/03/2016,100101068501-01W,?????,New,-,-,1.25,Check,,ThuyTTN,done,08:30,09:45,,,,,,,,,,,,,,
10/03/2016,100101068501-01W,?????,New,-,-,1.25,Fix,,ThuyTTN,done,09:45,11:00,,,,,,,,,,,,,,
07/03/2016,100101068501-01W,?????,New,2,4,4,"sub page 2, 3","clinic/concept.html,clinic/staff.html",LamNTP,done,13:30,17:30,,,,,,,,,,,,,,
08/03/2016,100101068501-01W,?????,New,4,8,8,"sub page 4,5,6,8","clinic/access.html, clinic/first.html,treatment/caries.html,treatment/prevent.html",LamNTP,done,08:30,17:30,1:00,,,,,,,,,,,,,
09/03/2016,100101068501-01W,?????,New,3,6,6,"sub page 9,10,11","treatment/kids.html, treatment/maternity.html,treatment/esthe.html",LamNTP,done,08:30,15:30,1:00,,,,,,,,,,,,,
07/03/2016,100101068501-01W,?????,New,1,2,2.5,sub page,treatment/oral_surgery.html,ThuyTTN,done,15:00,17:30,,design banner all pages,,,,,,,,,,,,
08/03/2016,100101068501-01W,?????,New,4,6,8,sub page,"treatment/perio.html, treatment/implant.html, treatment/denture.html, treatment/ortho.html",ThuyTTN,done,08:30,17:30,1:00,design illust,,,,,,,,,,,,
,,,,,,0,,,,,,,,,,,,,,,,,,,,
,,,,,,0,,,,,,,,,,,,,,,,,,,,
,,,,,,0,,,,,,,,,,,,,,,,,,,,
,100100895413-01W,???????????????????????,Plan,20,51,59.5,set Kijikaku,,1.team Dat,,,,,,,,,,,,,,,,,
08/03/2016,100100895413-01W,???????????????????????,New,1,6,6,index,,ThanhNT,done,10:30,17:30,1:00,,,,,,,,,,,,,
09/03/2016,100100895413-01W,???????????????????????,New,-,-,8,index,,ThanhNT,done,08:30,17:30,1:00,,,,,,,,,,,,,
08/03/2016,100100895413-01W,???????????????????????,New,-,2,2,code layout sub page,,ThanhNT,done,08:30,10:30,,,,,,,,,,,,,,
14/03/2016,100100895413-01W,???????????????????????,New,-,2,2,code common parts ,,ThanhNT,done,08:30,10:30,,,,,,,,,,,,,,
12/03/2016,100100895413-01W,???????????????????????,New,-,3,3.5,set Kijikaku,,ThanhNT,done,08:30,12:00,,,,,,,,,,,,,,
12/03/2016,100100895413-01W,???????????????????????,New,-,-,4.5,Join page,,ThanhNT,done,13:00,17:30,,,,,,,,,,,,,,
3/14/2016,100100895413-01W,???????????????????????,New,-,-,6,Check,,ThanhNT,done,10:30,17:30,01:00,,,,,,,,,,,,,
3/14/2016,100100895413-01W,???????????????????????,New,-,-,3,Fix,,ThanhNT,done,17:30,20:30,,,,,,,,,,,,,,
11/03/2016,100100895413-01W,???????????????????????,New,2,4,2.5,"sub page 5, 11","white.html, ortho.html",LamNTP,done,17:30,20:00,,,,,,,,,,,,,,
12/03/2016,100100895413-01W,???????????????????????,New,4,8,8,"sub page 12,13,14,17","ortho_child.html, about.html, recommend.html, concept.html",LamNTP,done,08:30,17:30,01:00,,,,,,,,,,,,,
3/11/2016,100100895413-01W,???????????????????????,New,2,4,6,"sub page 7, 3","prevent.html, perio.html",ThuyTTN,done,10:30,17:30,01:00,"design banner all page, 2 frame, h6, pickup",,,,,,,,,,,,
3/12/2016,100100895413-01W,???????????????????????,New,4,6,8,"sub page 10, 15, 18, 20","occlusion.html, reason.html, staff.html,contact/index.cgi",ThuyTTN,done,08:30,17:30,01:00,design check,,,,,,,,,,,,
3/10/2016,100100895413-01W,???????????????????????,New,6,12,11.5,"sub page 19, 16, 9, 8, 6","clinic.html, price.html, denture.html, implant.html, child.html, esthe.html",ThanhNT,done,08:30,21:00,1:00,,,,,,,,,,,,,
3/11/2016,100100895413-01W,???????????????????????,New,2,4,8,"sub page 2, 4","general.html, esthe.html",ThanhNT,done,08:30,17:30,1:00,,,,,,,,,,,,,
,,,,,,0,,,,,,,,,,,,,,,,,,,,
,,,,,,0,,,,,,,,,,,,,,,,,,,,
,100101077401-01W,???????????????,Plan,10,34,45,set Kijikaku,,1.team Dat,,,,,,,,,,,,,,,,,
14/03/2016,100101077401-01W,???????????????,New,1,6,8,index,,DatNVT,done,08:30,17:30,1:00,,,,,,,,,,,,,
3/15/2016,100101077401-01W,???????????????,New,,2,8,code layout sub page,,DatNVT,done,08:30,17:30,1:00,,,,,,,,,,,,,
12/03/2016,100101077401-01W,???????????????,New,,2,2,code common parts ,,TrucPTT,done,11:00,14:00,1:00,,,,,,,,,,,,,
3/15/2016,100101077401-01W,???????????????,New,,4,3,set Kijikaku,,TrucPTT,done,11:00,15:00,01:00,,,,,,,,,,,,,
3/15/2016,100101077401-01W,???????????????,New,,,0.5,Join page,,DatNVT,done,17:30,18:00,,,,,,,,,,,,,,
3/15/2016,100101077401-01W,???????????????,New,,,2,Check,,DatNVT,done,18:00,20:00,,,,,,,,,,,,,,
3/15/2016,100101077401-01W,???????????????,New,,,1.5,Fix,,TrucPTT,done,16:30,18:00,,,,,,,,,,,,,,
12/03/2016,100101077401-01W,???????????????,New,2,4,3.5,"sub page 2,3","clinic/index.html
, clinic/hygiene.html",TrucPTT,done,14:00,17:30,,,,,,,,,,,,,,
14/03/2016,100101077401-01W,???????????????,New,3,6,6.5,"sub page4,5,7","treatment/general.html
treatment/child.html
treatment/ortho.html",TrucPTT,done,10:00,17:30,01:00,,,,,,,,,,,,,
3/14/2016,100101077401-01W,???????????????,New,3,6,6,"sub page 8,9,10","treatment/esthe.html, treatment/lost.html, treatment/oral.html",LamNTP,done,08:30,15:30,01:00,,,,,,,,,,,,,
3/15/2016,100101077401-01W,???????????????,New,1,2,2.5,sub page 6,treatment/prevent.html,TrucPTT,done,08:30,11:00,,,,,,,,,,,,,,
3/15/2016,100101077401-01W,???????????????,New,-,2,1.5,sub page kijkaku,kijkaku,TrucPTT,done,15:00,16:30,,set layout kijkaku,,,,,,,,,,,,
,,,,,,0,,,,,,,,,,,,,,,,,,,,
,,,,,,0,,,,,,,,,,,,,,,,,,,,
,100101070801-01W,,Plan,18,68,62.5, fmail,,2.team Manh,,,,,,,,,,,,,,,,,
14/03/2016,100101070801-01W,,New,,8,8,index + js,,ManhT,done,08:30,17:30,01:00,,,,,,,,,,,,,
17/03/2016,100101070801-01W,,New,,8,8,index + js,,ManhT,done,08:30,17:30,01:00,,,,,,,,,,,,,
18/03/2016,100101070801-01W,,New,,8,8,index + js,,ManhT,done,08:30,17:30,01:00,,,,,,,,,,,,,
14/03/2016,100101070801-01W,,New,,2,2,under,,ManhT,done,08:30,10:30,,,,,,,,,,,,,,
16/03/2016,100101070801-01W,,Option,,2,1.5,Join page,,ManhT,done,10:30,12:00,,,,,,,,,,,,,,
15/03/2016,100101070801-01W,,Option,,2,2,Fmail,,ManhT,done,13:00,15:00,,,,,,,,,,,,,,
16/03/2016,100101070801-01W,,Option,,3,2,Check,,ManhT,done,13:00,15:00,,,,,,,,,,,,,,
,100101070801-01W,,Option,,2,0,Fix sub pages,,,done,,,,,,,,,,,,,,,,
14/03/2016,100101070801-01W,,Option,,6,4.5,Responsive sub pages,,DiepBNH,done,08:30,14:00,01:00,,,,,,,,,,,,,
,100101070801-01W,,New,,2,0,Banner,,,done,,,,,,,,,,,,,,,,
10/03/2016,100101070801-01W,,New,2,5,3,"sub page 2,5","company/interview.html,company/index.html",DiepBNH,done,17:30,20:30,, design img m?i pages,,,,,,,,,,,,
11/03/2016,100101070801-01W,,New,,5,5,"sub page 3,4","company/keyword.html,company/jinzai.html",HuyTV,done,11:30,17:30,01:00,,,,,,,,,,,,,
11/03/2016,100101070801-01W,,New,10,11,10.5,"sub page 6,7,8,9,10,11,12,15,16,17","work/index.html,work/pm.html,work/trade.html,
work/monthly.html,work/consulting.html,interview/index.html
interview/detail-01.html,system/qualification.html
system/index.html
,system/career.html",DiepBNH,done,08:30,20:00,01:00,,,,,,,,,,,,,
12/03/2016,100101070801-01W,,,2,4,8,"sub page 13,14","interview/detail-02.html,interview/detail-03.html",DiepBNH,done,08:30,17:30,1:00," design img (pages 2,11,12,13,14,15)",,,,,,,,,,,,
,,,,,,0,,,,,,,,,,,,,,,,,,,,
,,,,,,0,,,,,,,,,,,,,,,,,,,,
,100100344313-01W,?????????????????,Plan,15,64,46,"Responsive, Overnote, Fmail",,2.team Manh,,,,,,,,,,,,,,,,,
11/03/2016,100100344313-01W,?????????????????,New,,8,8,index + js,,VuLDN,done,08:30,17:30,01:00,,,,,,,,,,,,,
12/03/2016,100100344313-01W,?????????????????,New,,3,2,Fmail,,VuLDN,done,09:30,11:30,,,,,,,,,,,,,,
12/03/2016,100100344313-01W,?????????????????,New,,1,1,under,,VuLDN,done,08:30,09:30,,,,,,,,,,,,,,
14/03/2016,100100344313-01W,?????????????????,Option,,2,1,Join page,,VuLDN,done,08:30,09:30,,,,,,,,,,,,,,
12/03/2016,100100344313-01W,?????????????????,Option,,3,3,overnotes,,VuLDN,done,14:30,17:30,,,,,,,,,,,,,,
3/15/2016,100100344313-01W,?????????????????,Option,,2,1,Check,,ManhT,done,13:00,14:00,,,,,,,,,,,,,,
14/03/2016,100100344313-01W,?????????????????,Option,,3,1,Fix index,,VuLDN,done,09:30,10:30,,,,,,,,,,,,,,
14/03/2016,100100344313-01W,?????????????????,Option,,3,2,Fix sub pages,,VuLDN,done,15:30,17:30,,,,,,,,,,,,,,
14/03/2016,100100344313-01W,?????????????????,Option,,10,4,Responsive,,VuLDN,done,10:30,15:30,1:00,,,,,,,,,,,,,
12/03/2016,100100344313-01W,?????????????????,New,,4,2,Banner,,HuyTV,done,08:30,10:30,,,,,,,,,,,,,,
12/03/2016,100100344313-01W,?????????????????,New,,4,3,"sub page 14, 15",html overnote,VuLDN,done,11:30,15:30,01:00,,,,,,,,,,,,,
11/03/2016,100100344313-01W,?????????????????,New,,3,2,sub page 3,,HuyTV,done,15:00,17:00,,,,,,,,,,,,,,
12/03/2016,100100344313-01W,?????????????????,New,,8,6,"sub page 2, 4, 5, 6, 7",,HuyTV,done,08:30,15:30,01:00,,,,,,,,,,,,,
14/03/2016,100100344313-01W,?????????????????,,,4,4,"sub page 8, 9 ",,HuyTV,done,08:30,13:30,01:00,,,,,,,,,,,,,
3/15/2016,100100344313-01W,?????????????????,,,6,6,"sub page 10, 11, 12",,HuyTV,done,08:30,15:30,01:00,,,,,,,,,,,,,
,,,,,,0,,,,,,,,,,,,,,,,,,,,
,100100305606-01W,,Plan,15,42,50.5,kijikaku,,2.team Manh,,,,,,,,,,,,,,,,,
12/03/2016,100100305606-01W,?????????????????,New,,8,8,index + js,,ManhT,done,08:30,17:30,01:00,,,,,,,,,,,,,
15/03/2016,100100305606-01W,?????????????????,New,,3,3,index + js,,ManhT,done,08:30,11:30,,,,,,,,,,,,,,
15/03/2016,100100305606-01W,?????????????????,New,,1,2,under,,ManhT,done,08:30,10:30,,,,,,,,,,,,,,
21/03/2016,100100305606-01W,?????????????????,Option,,1,1,Join page,,DiepBNH,done,13:00,14:00,,,,,,,,,,,,,,
16/03/2016,100100305606-01W,?????????????????,New,,1,2,under,,ManhT,done,08:30,10:30,,,,,,,,,,,,,,
21/03/2016,100100305606-01W,?????????????????,Option,,3,1,Kijikaku,,DiepBNH,done,14:00,15:00,,,,,,,,,,,,,,
21/03/2016,100100305606-01W,?????????????????,Option,,2,2,Fix sub pages,,DiepBNH,done,15:00,17:00,,,,,,,,,,,,,,
15/03/2016,100100305606-01W,?????????????????,New,,2,2,Banner,,TramNTH,done,08:30,10:30,,,,,,,,,,,,,,
15/03/2016,100100305606-01W,?????????????????,New,2,4,6,"sub page 10, 12","perio.html, implant.html",TramNTH,done,10:30,17:30,01:00,"design 8btn + 2 js(checklist, tabs)",,,,,,,,,,,,
16/03/2016,100100305606-01W,?????????????????,New,4,8,8,"sub page 11, 13, 14, 15","endo.html, ortho.html, esthe.html, prevent.html",TramNTH,done,08:30,17:30,01:00,,,,,,,,,,,,,
14/03/2016,100100305606-01W,?????????????????,New,2,4,3.5,"sub page 2,3","clinic/concept.html,clinic/staff.html",DiepBNH,done,14:00,17:30,,P3  9 pages ,,,,,,,,,,,,
15/03/2016,100100305606-01W,?????????????????,New,5,6,8,"sub page 4,5,6,7,8","clinic/access.html,clinic/price.html,special/specialist.html
special/facility.html,kids/pediatric-dentistry.html,",DiepBNH,done,08:30,17:30,1:00,,,,,,,,,,,,,
3/16/2016,100100305606-01W,?????????????????,New,1,2,4,sub page 9,kids/occlusion.html,DiepBNH,done,08:30,13:30,1:00,"9 pages  nhi?u text, cut 94 img",,,,,,,,,,,,
,,,,,,0,,,,,,,,,,,,,,,,,,,,
,,,,,,0,,,,,,,,,,,,,,,,,,,,
,100100888803-01W,???? ???????,Plan,10,42,36,kijikaku + overnotes,,2.team Manh,,,,,,,,,,,,,,,,,
15/03/2016,100100888803-01W,???? ???????,New,,8,8,index + js,,VuLDN,done,08:30,17:30,01:00,,,,,,,,,,,,,
15/03/2016,100100888803-01W,???? ???????,New,,3,2,under design + cut,,VuLDN,done,15:30,17:30,,,,,,,,,,,,,,
22/03/2016,100100888803-01W,???? ???????,Option,,2,2,Join page,,DiepBNH,done,08:30,10:30,,,,,,,,,,,,,,
16/03/2016,100100888803-01W,???? ???????,Option,,3,3,overnotes,,VuLDN,done,11:30,15:30,01:00,,,,,,,,,,,,,
16/03/2016,100100888803-01W,???? ???????,New,,2,2,Kijikaku,,VuLDN,done,08:30,10:30,,,,,,,,,,,,,,
16/03/2016,100100888803-01W,???? ???????,New,,2,1,Fmail,,VuLDN,done,16:30,17:30,,,,,,,,,,,,,,
16/03/2016,100100888803-01W,???? ???????,Option,,2,2,Check,,ManhT,done,15:30,17:30,,,,,,,,,,,,,,
23/03/2016,100100888803-01W,???? ???????,Option,,2,3,Fix sub pages,,DiepBNH,done,09:00,12:00,,,,,,,,,,,,,,
22/03/2016,100100888803-01W,???? ???????,New,,2,2,Banner,,DiepBNH,done,09:30,11:30,,,,,,,,,,,,,,
16/03/2016,100100888803-01W,???? ???????,New,4,8,5,"sub page 2, 3,4,5","service/index.html,service/kb.html,service/wi.html
service/st.html",DiepBNH,done,11:30,17:30,01:00,,,,,,,,,,,,,
23/03/2016,100100888803-01W,???? ???????,New,2,4,3,"sub page 6,9","business/index.html,company/index.html",DiepBNH,done,08:30,11:30,,,,,,,,,,,,,,
16/03/2016,100100888803-01W,???? ???????,New,,4,3,"sub page 7,8",html overnote,VuLDN,done,08:30,11:30,,,,,,,,,,,,,,
,,,,,,0,,,,,,,,,,,,,,,,,,,,
,,,,,,0,,,,,,,,,,,,,,,,,,,,
,,,,,,0,,,,,,,,,,,,,,,,,,,,
,,,,,,0,,,,,,,,,,,,,,,,,,,,
,,,,,,0,,,,,,,,,,,,,,,,,,,,
,100100895307-01W,??????????,Plan,20,51,58,set overnote,,1.team Dat,,,,,,,,,,,,,,,,,
14/03/2016,100100895307-01W,??????????,New,1,6,6,index,,ThuyTTN,done,10:30,17:30,1:00,,,,,,,,,,,,,
15/03/2016,100100895307-01W,??????????,New,-,-,2,index,,ThuyTTN,done,08:30,10:30,,,,,,,,,,,,,,
15/03/2016,100100895307-01W,??????????,New,-,-,4,set js (main image),,ThuyTTN,done,10:30,15:30,1:00,,,,,,,,,,,,,
14/03/2016,100100895307-01W,??????????,New,-,2,2,code layout sub page,,ThuyTTN,done,08:30,10:30,,,,,,,,,,,,,,
3/16/2016,100100895307-01W,??????????,New,-,2,1,code common parts ,,ThuyTTN,done,13:00,14:00,,,,,,,,,,,,,,
3/16/2016,100100895307-01W,??????????,New,,3,3,set overnote,,TrucPTT,done,08:30,11:30,,,,,,,,,,,,,,
3/16/2016,100100895307-01W,??????????,New,-,-,1.5,Join page,,ThuyTTN,done,14:00,15:30,,,,,,,,,,,,,,
3/16/2016,100100895307-01W,??????????,New,-,-,1,Check,,ThuyTTN,done,15:30,16:30,,,,,,,,,,,,,,
3/16/2016,100100895307-01W,??????????,New,-,-,1,Fix,,ThuyTTN,done,16:30,17:30,,,,,,,,,,,,,,
14/03/2016,100100895307-01W,??????????,New,1,2,2,sub page 2,clinic/access.html,LamNTP,done,15:30,17:30,,,,,,,,,,,,,,
15/03/2016,100100895307-01W,??????????,New,4,8,8,"sub page 3,4,5,6","clinic/concept.html, cont/dent_body.html, cont/advanced.html, cont/dif_ortho.html",LamNTP,done,08:30,17:30,01:00,,,,,,,,,,,,,
3/15/2016,100100895307-01W,??????????,New,-,-,2,sub page,,ThuyTTN,done,15:30,17:30,,"design 2 illust ( cont/maternity.html, treatment/prev.html)",,,,,,,,,,,,
3/16/2016,100100895307-01W,??????????,New,2,4,3.5,"sub page 8, 12","cont/maternity.html, treatment/prev.html",ThuyTTN,done,08:30,12:00,,,,,,,,,,,,,,
3/15/2016,100100895307-01W,??????????,New,2,4,2,"sub page 19, 20",overnote,TrucPTT,done,18:00,20:00,,,,,,,,,,,,,,
16/03/2016,100100895307-01W,??????????,New,4,8,8,"sub page 7,9,10,11","cont/no_caries.html, treatment/caries.html, treatment/perio.html, treatment/kids.html",LamNTP,done,08:30,17:30,01:00,,,,,,,,,,,,,
17/03/2016,100100895307-01W,??????????,New,2,4,4,"sub page 13,16","treatment/denture.html, treatment/esthe.html",LamNTP,done,08:30,13:30,01:00,,,,,,,,,,,,,
15/03/2016,100100895307-01W,??????????,New,4,8,7,"sub page 14, 15, 17, 18","treatment/ortho.html, treatment/implant.html, treatment/whitening.html, treatment/surgery.html",ThanhNT,done,09:30,17:30,01:00,,,,,,,,,,,,,
,,,,,,0,,,,,,,,,,,,,,,,,,,,
,,,,,,0,,,,,,,,,,,,,,,,,,,,
,100100721903-01W,???PDM?????,Plan,10,31,40.5,set kijkaku,,1.team Dat,,,,,,,,,,,,,,,,,
16/03/2016,100100721903-01W,???PDM?????,New,1,6,3,index,,TrucPTT,done,14:30,17:30,,,,,,,,,,,,,,
17/03/2016,100100721903-01W,???PDM?????,New,-,-,3.5,index,,TrucPTT,done,08:30,12:00,,,,,,,,,,,,,,
17/03/2016,100100721903-01W,???PDM?????,New,-,2,2,code layout sub page,,TrucPTT,done,13:00,15:00,,,,,,,,,,,,,,
16/03/2016,100100721903-01W,???PDM?????,New,-,-,2,code common parts ,,TrucPTT,done,11:30,14:30,1:00,,,,,,,,,,,,,
18/03/2016,100100721903-01W,???PDM?????,New,-,3,3,set kijkaku,,TrucPTT,done,13:00,16:00,,,,,,,,,,,,,,
18/03/2016,100100721903-01W,???PDM?????,New,-,-,1.5,Join page,,TrucPTT,done,16:00,17:30,,,,,,,,,,,,,,
21/03/2016,100100721903-01W,???PDM?????,New,-,-,2,Check,,TrucPTT,done,08:30,10:30,,,,,,,,,,,,,,
21/03/2016,100100721903-01W,???PDM?????,New,-,-,2,Fix,,TrucPTT,done,10:30,13:30,01:00,,,,,,,,,,,,,
17/03/2016,100100721903-01W,???PDM?????,New,-,4,2.5,sub page kijkaku,,TrucPTT,done,15:00,17:30,,,,,,,,,,,,,,
17/03/2016,100100721903-01W,???PDM?????,New,2,4,4,"sub page 2,3","dm.html, trouble.html",LamNTP,done,13:30,17:30,,,,,,,,,,,,,,
3/18/2016,100100721903-01W,???PDM?????,New,2,4,4,"sub page 4, 7","pdm.html, flow.html",LamNTP,done,08:30,13:30,01:00,,,,,,,,,,,,,
3/18/2016,100100721903-01W,???PDM?????,New,,,1,,,LamNTP,done,13:30,14:30,,Design banner all page,,,,,,,,,,,,
3/16/2016,100100721903-01W,???PDM?????,New,3,6,6,"sub page 5, 6, 9","price.html, feature.html, company.html",ThanhNT,done,08:30,15:30,01:00,,,,,,,,,,,,,
17/03/2016,100100721903-01W,???PDM ????,New,2,2,4,"sub page 8, 10","qa.html, contact/index.cgi",ThanhNT,done,08:30,13:30,01:00,,,,,,,,,,,,,
,,,,,,,,,,,,,,,,,,,,,,,,,,
,,,,,,,,,,,,,,,,,,,,,,,,,,
,,,,,,0,,,,,,,,,,,,,,,,,,,,
,,,,,,0,,,,,,,,,,,,,,,,,,,,
,000100146013-01W,?????????????,Plan,10,42,20,kijikaku + overnotes,,2.team Manh,,,,,,,,,,,,,,,,,
22/03/2016,000100146013-01W,?????????????,New,,,7,index + js,,HuyTV,done,08:30,16:30,01:00,,,,,,,,,,,,,
22/03/2016,000100146013-01W,?????????????,New,,,0.5,under,,HuyTV,done,17:00,17:30,,,,,,,,,,,,,,
24/03/2016,000100146013-01W,?????????????,Option,,,0.5,Join page,,HuyTV,done,09:30,10:00,,,,,,,,,,,,,,
24/03/2016,000100146013-01W,?????????????,Option,,,1,Kijikaku,,HuyTV,done,08:30,09:30,,,,,,,,,,,,,,
,000100146013-01W,?????????????,Option,,,0,Check,,,,,,,,,,,,,,,,,,,
24/03/2016,000100146013-01W,?????????????,Option,,,1,Fix index,,HuyTV,done,10:00,11:00,,,,,,,,,,,,,,
24/03/2016,000100146013-01W,?????????????,Option,,,1,Fix sub pages,,HuyTV,done,11:00,12:00,,,,,,,,,,,,,,
17/03/2016,000100146013-01W,?????????????,New,,,1.5,Banner,,TramNTH,done,08:30,10:00,,,,,,,,,,,,,,
17/03/2016,000100146013-01W,?????????????,New,2,4,6.5,"sub page 6, 7, 8, 9, 10","combined.html, kids-ortho.html, adult-ortho.html, esthe-ortho.html, faq.html",TramNTH,done,10:00,17:30,01:00,,,,,,,,,,,,,
24/03/2016,000100146013-01W,?????????????,New,,,1,"sub page 2, 3, 4, 5",,HuyTV,done,13:00,14:00,,,,,,,,,,,,,,
,,,,,,0,,,,,,,,,,,,,,,,,,,,
,,,,,,0,,,,,,,,,,,,,,,,,,,,
,,,,,,0,,,,,,,,,,,,,,,,,,,,
,100100289108-01W,???????????????????????,Plan,10,34,45,"set kkijikaku, tiny",,1.team Dat,,,,,,,,,,,,,,,,,
16/03/2016,100100289108-01W,???????????????????????,New,1,6,8,index,,DatNVT,done,08:30,17:30,01:00,,,,,,,,,,,,,
17/03/2016,100100289108-01W,???????????????????????,New,,,6,index,,DatNVT,done,08:30,15:30,01:00,,,,,,,,,,,,,
18/03/2016,100100289108-01W,???????????????????????,New,,,7,index,,DatNVT,done,08:30,16:30,01:00,,,,,,,,,,,,,
17/03/2016,100100289108-01W,???????????????????????,New,-,2,2.5,code layout sub page,,ThuyTTN,done,08:30,11:00,,cut under design banner all page,,,,,,,,,,,,
,100100289108-01W,???????????????????????,New,-,2,0,code common parts ,,,,,,,,,,,,,,,,,,,
,100100289108-01W,???????????????????????,Option,-,3,0,set kijkaku,,DatNVT,done,,,,,,,,,,,,,,,,
,100100289108-01W,???????????????????????,Option,-,1,0,set tiny,,DatNVT,done,,,,,,,,,,,,,,,,
,100100289108-01W,???????????????????????,Option,-,2,0,set js (main image),,DatNVT,done,,,,,,,,,,,,,,,,
,100100289108-01W,???????????????????????,New,,,0,Join page,,,,,,,,,,,,,,,,,,,
,100100289108-01W,???????????????????????,New,,,0,Check,,,,,,,,,,,,,,,,,,,
,100100289108-01W,???????????????????????,New,,,0,Fix,,,,,,,,,,,,,,,,,,,
17/03/2016,100100289108-01W,???????????????????????,New,1,2,5.5,sub page 8,voice.html,ThuyTTN,done,11:00,17:30,01:00,"41 page word, change 241 image",,,,,,,,,,,,
18/03/2016,100100289108-01W,???????????????????????,New,4,8,8,"sub page 9, 10, 2, 3","voice.html, beautiful.html, difference.html, clinic.html, dr.html",ThuyTTN,done,08:30,17:30,01:00,"design illust (difference.html), design 2 frame",,,,,,,,,,,,
21/03/2016,100100289108-01W,???????????????????????,New,4,8,8,"sub page 4, 5, 6, 7","access.html, flow.html, about.html, need.html",ThuyTTN,done,08:30,17:30,01:00,,,,,,,,,,,,,
,,,,,,0,,,,,,,,,,,,,,,,,,,,
,,,,,,0,,,,,,,,,,,,,,,,,,,,
,,,,,,,,,,,,,,,,,,,,,,,,,,
,,,,,,,,,,,,,,,,,,,,,,,,,,
,100100356333-01W,???????????????,Plan,7,24,25,,,1.team Dat,,,,,,,,,,,,,,,,,
18/03/2016,100100356333-01W,???????????????,New,1,6,3,index,,LamNTP,done,14:30,17:30,,,,,,,,,,,,,,
21/03/2016,100100356333-01W,???????????????,New,-,-,3,index,,LamNTP,done,08:30,11:30,,,,,,,,,,,,,,
21/03/2016,100100356333-01W,???????????????,New,-,2,2,code layout sub page,,ThanhNT,done,08:30,10:30,,,,,,,,,,,,,,
21/03/2016,100100356333-01W,???????????????,New,,2,2,code common parts ,,LamNTP,done,11:30,14:30,01:00,,,,,,,,,,,,,
23/03/2016,100100356333-01W,???????????????,Option,-,2,1,set js (main image),,LamNTP,done,14:30,15:30,,,,,,,,,,,,,,
23/03/2016,100100356333-01W,???????????????,New,-,-,2,"Join page, check and fix",,LamNTP,done,15:30,17:30,,,,,,,,,,,,,,
21/03/2016,100100356333-01W,???????????????,New,1,2,3,sub page 2,action.html,LamNTP,done,14:30,17:30,,"design icon, banner all pages",,,,,,,,,,,,
23/03/2016,100100356333-01W,???????????????,New,3,6,5,"sub page 3,5,7","about.html,message.html, recruit.html",LamNTP,done,08:30,14:30,01:00,,,,,,,,,,,,,
21/03/2016,100100356333-01W,???????????????,New,2,4,4,"sub page 4,6","clinic.html,staff.html",ThanhNT,done,10:30,15:30,01:00,,,,,,,,,,,,,
,,,,,,0,,,,,,,,,,,,,,,,,,,,
,,,,,,0,,,,,,,,,,,,,,,,,,,,
,,,,,,0,,,,,,,,,,,,,,,,,,,,
,100100859105-01W,???????????????????????,Plan,10,30,28,,,3.team Tri,,,,,,,,,,,,,,,,,
09/03/2016,100100859105-01W,???????????????????????,New,1,8,8,index,,NgocTT,done,08:30,17:30,01:00,,,,,,,,,,,,,
10/03/2016,100100859105-01W,???????????????????????,New,-,2,2,code layout sub page,,NgocTT,done,08:30,10:30,,,,,,,,,,,,,,
,100100859105-01W,???????????????????????,New,-,2,0,code common parts ,,,,,,,,,,,,,,,,,,,
,100100859105-01W,???????????????????????,Option,-,3,0,set kijkaku,,,,,,,,,,,,,,,,,,,
,100100859105-01W,???????????????????????,Option,-,1,0,set tiny,,,,,,,,,,,,,,,,,,,
,100100859105-01W,???????????????????????,Option,-,2,0,set js (main image),,,,,,,,,,,,,,,,,,,
,100100859105-01W,???????????????????????,New,,,0,Join page,,,,,,,,,,,,,,,,,,,
14/03/2016,100100859105-01W,???????????????????????,New,,,2.5,Check,,NgocTT,done,08:30,11:00,,,,,,,,,,,,,,
15/03/2016,100100859105-01W,???????????????????????,New,,,1.5,Fix,,NgocTT,done,08:30,10:00,,,,,,,,,,,,,,
17/03/2016,100100859105-01W,???????????????????????,New,,,,Fix,,NgocTT,done,08:30,10:30,,,,,,,,,,,,,,
10/03/2016,100100859105-01W,???????????????????????,New,4,8,6,"sub page 2,3,4,6","access01.html, access02.html, staff.html ,flow.html",NgocTT,done,10:30,17:30,01:00,,,,,,,,,,,,,
11/03/2016,100100859105-01W,???????????????????????,New,4,8,8,"sub page 5,7,8,9,10","invisalign.html, cost.html , chief_complaint.html, faq.html, case.html ",NgocTT,done,08:30,17:30,01:00,,,,,,,,,,,,,
,,,,,,0,,,,,,,,,,,,,,,,,,,,
,,,,,,,,,,,,,,,,,,,,,,,,,,
,100101067001-01W,?????????,Plan,5,35,15,,,3.team Tri,,,,,,,,,,,,,,,,,
,100101067001-01W,?????????,New,1,8,0,index,,,,,,,,,,,,,,,,,,,
,100101067001-01W,?????????,New,-,2,0,code layout sub page,,,,,,,,,,,,,,,,,,,
,100101067001-01W,?????????,New,-,2,0,code common parts ,,,,,,,,,,,,,,,,,,,
,100101067001-01W,?????????,Option,-,3,0,set kijkaku,,,,,,,,,,,,,,,,,,,
,100101067001-01W,?????????,Option,-,1,0,set tiny,,,,,,,,,,,,,,,,,,,
,100101067001-01W,?????????,Option,-,2,0,set js (main image),,,,,,,,,,,,,,,,,,,
,100101067001-01W,?????????,New,,,0,Join page,,,,,,,,,,,,,,,,,,,
01/03/2016,100101067001-01W,?????????,New,,,1,Check,,NgocTT,done,11:30,13:30,01:00,,,,,,,,,,,,,
01/03/2016,100101067001-01W,?????????,New,,,3,Fix,,NgocTT,done,08:30,11:30,,,,,,,,,,,,,,
02/03/2016,100101067001-01W,?????????,New,,,3.5,Fix,,NgocTT,done,08:30,12:00,,,,,,,,,,,,,,
03/03/2016,100101067001-01W,?????????,New,,,4,Fix,,NgocTT,done,08:30,13:30,01:00,,,,,,,,,,,,,
07/03/2016,100101067001-01W,?????????,New,,,3.5,Fix,,NgocTT,done,08:30,12:00,,,,,,,,,,,,,,
,100101067001-01W,?????????,New,4,8,0,sub page ,,,,,,,,,,,,,,,,,,,
,100101067001-01W,?????????,New,4,8,0,sub page ,,,,,,,,,,,,,,,,,,,
,,,,,,,,,,,,,,,,,,,,,,,,,,
,,,,,,,,,,,,,,,,,,,,,,,,,,
,,,,,,0,,,,,,,,,,,,,,,,,,,,
,100101069601-01W,,Plan,15,64,91.33333333,"Responsive, kijikaku",,,,,,,,,,,,,,,,,,,
14/03/2016,100101069601-01W,?????????????,New,,8,8,index + js,,BichVTN,done,09:00,18:00,1:00,,,,,,,,,,,,,
16/03/2016,100101069601-01W,?????????????,New,,2,2,kijikaku,,BichVTN,done,09:00,11:00,,,,,,,,,,,,,,
16/03/2016,100101069601-01W,?????????????,Option,,1,2,Join page,,BichVTN,done,11:00,14:00,1:00,,,,,,,,,,,,,
15/03/2016,100101069601-01W,?????????????,Option,,2,3,Responsive,,BichVTN,done,11:00,15:00,1:00,,,,,,,,,,,,,
17/03/2016,100101069601-01W,?????????????,Option,,,4,Check and fix,,BichVTN,done,09:00,14:00,1:00,,,,,,,,,,,,,
15/03/2016,100101069601-01W,?????????????,Option,,2,3,design sp index,,BichVTN,done,15:00,18:00,,,,,,,,,,,,,,
14/03/2016,100101069601-01W,?????????????,New,3,,7.833333333,"sub page 2,3,4",,TriN,done,08:40,17:30,1:00,,,,,,,,,,,,,
15/03/2016,100101069601-01W,?????????????,New,3,,7.833333333,"sub page 4,5,6",,TriN,done,08:40,17:30,1:00,,,,,,,,,,,,,
16/03/2016,100101069601-01W,?????????????,New,3,,7.833333333,"sub page 7,8,9",,TriN,done,08:40,17:30,1:00,,,,,,,,,,,,,
17/03/2016,100101069601-01W,?????????????,New,1,,3.333333333,sub page 10,,TriN,done,08:40,12:00,,,,,,,,,,,,,,
,,,,,,0,,,,,,,,,,,,,,,,,,,,
,,,,,,0,,,,,,,,,,,,,,,,,,,,
,000100103103-01W,,Plan,10,50.8,42.5,kijikaku + overnotes,,2.team Manh,,,,,,,,,,,,,,,,,
25/03/2016,000100103103-01W,,New,,9,9,index + js,,ManhT,,08:30,17:30,,,,,,,,,,,,,,
28/03/2016,000100103103-01W,,New,,4,3.5,index ,,ManhT,,08:30,12:00,,,,,,,,,,,,,,
24/03/2016,000100103103-01W,,New,,1,1,under,,ManhT,done,08:30,09:30,,,,,,,,,,,,,,
28/03/2016,000100103103-01W,,Option,,1,1,Join page,,DiepBNH,done,13:00,14:00,,,,,,,,,,,,,,
28/03/2016,000100103103-01W,,Option,,2,2,Check,,ManhT,,13:00,15:00,,,,,,,,,,,,,,
28/03/2016,000100103103-01W,,Option,,5,2,Fix index,,ManhT,,13:00,15:00,,,,,,,,,,,,,,
28/03/2016,000100103103-01W,,Option,,4,0,Fix sub pages,,ManhT,,,,,,,,,,,,,,,,,
28/03/2016,000100103103-01W,,Option,,4,4,Responsive sub pages,,DiepBNH,done,08:30,13:30,01:00,,,,,,,,,,,,,
28/03/2016,000100103103-01W,,New,,2,2,Banner,,ManhT,done,15:00,17:00,,,,,,,,,,,,,,
23/03/2016,000100103103-01W,,New,1,2,2,sub page 2,menu/index.html,DiepBNH,done,15:30,17:30,,,,,,,,,,,,,,
24/03/2016,000100103103-01W,,New,4,8,8,"sub page 3,4, 5,6","menu/perio.html,menu/child.html,menu/aesthetic.html,menu/denture.html",DiepBNH,done,08:30,17:30,1:00,,,,,,,,,,,,,
25/03/2016,000100103103-01W,,New,4,8,8,"sub pages 7,8,9,10","menu/orthodontics.html,clinic/reason.html
,clinic/concept.html,contact/index.cgi",DiepBNH,done,08:30,17:30,1:00,,,,,,,,,,,,,
28/03/2016,000100103103-01W,,New,,,3,Check sub pages,,DiepBNH,done,14:00,17:00,,,,,,,,,,,,,,
,,,,,,,,,,,,,,,,,,,,,,,,,,
,,,,,,,,,,,,,,,,,,,,,,,,,,
,,,,,,,,,,,,,,,,,,,,,,,,,,
,creato,creato,Plan,58,,72.5,set new,-,TriN,,,,,,,,,,,,,,,,,
,creato,creato,New,1,,0,index,,NgocTT,,,,,,,,,,,,,,,,,
3/18/2016,creato,creato,New,-,,4,set js menu,,NgocTT,done,13:30,17:30,,,,,,,,,,,,,,
3/12/2016,creato,creato,New,-,,8,"sub page 1, 2",,NgocTT,done,08:30,17:30,1:00,,,,,,,,,,,,,
3/14/2016,creato,creato,New,-,,5.5,"sub page 3, 5,6,7,9,10,11",,NgocTT,done,11:00,17:30,1:00,,,,,,,,,,,,,
3/15/2016,creato,creato,New,-,,3,"sub page 12,13",,NgocTT,done,14:30,17:30,,,,,,,,,,,,,,
3/16/2016,creato,creato,New,-,,8,"sub page 14, 15,16,17,18, 19",,NgocTT,done,08:30,17:30,1:00,,,,,,,,,,,,,
3/17/2016,creato,creato,New,-,,8,"sub page 20,21,22,23,24",,NgocTT,done,08:30,17:30,1:00,,,,,,,,,,,,,
3/18/2016,creato,creato,New,-,,4,"sub page 8, 37,38",,NgocTT,done,08:30,13:30,1:00,,,,,,,,,,,,,
3/21/2016,creato,creato,New,-,,8,"sub page 39,40,1,42,43",,NgocTT,done,08:30,17:30,1:00,,,,,,,,,,,,,
3/22/2016,creato,creato,New,-,,8,"sub page 44, 45, 46, 47, 48",,NgocTT,done,08:30,17:30,1:00,,,,,,,,,,,,,
3/23/2016,creato,creato,New,-,,8,"sub page 51, 52,53, 54,55",,NgocTT,done,08:30,17:30,1:00,,,,,,,,,,,,,
3/24/2016,creato,creato,New,-,,8,"sub page 56,57, 4, 58",,NgocTT,done,08:30,17:30,1:00,,,,,,,,,,,,,
3/18/2016,creato,creato,New,-,,8,"sub page 31,32,33,34,35,36",,BichVTN,done,08:30,17:30,1:00,,,,,,,,,,,,,
3/18/2016,creato,creato,New,3,,5,"sub page25,26,27",,TriN,done,13:00,18:00,,,,,,,,,,,,,,
3/21/2016,creato,creato,New,5,,7.833333333,"sub page49,50,28,29,30",,TriN,done,08:40,17:30,1:00,,,,,,,,,,,,,
3/22/2016,creato,creato,New,-,,8,check all page,,TriN,done,13:00,21:00,,,,,,,,,,,,,,
3/23/2016,creato,creato,New,-,,4.5,check all page,,TriN,done,15:00,19:30,,,,,,,,,,,,,,
25/03/2016,creato,creato,New,,,8,"Fix all, Fix menu, change file name, chang directory structure",,NgocTT,done,11:00,20:00,1:00,,,,,,,,,,,,,
,,,,,,,,,,,,,,,,,,,,,,,,,,
,,,,,,,,,,,,,,,,,,,,,,,,,,
,,,,,,0,,,,,,,,,,,,,,,,,,,,
,100100885403-01W,?????????????????????????????,Plan,10,48,52,kijikaku + responsive,,Tien,,,,,,,,,,,,,,,,,
01/03/2016,100100885403-01W,?????????????????????????????,New,,12,8,index ,,NamPQ,,08:30,17:30,01:00,,,,,,,,,,,,,
02/03/2016,100100885403-01W,?????????????????????????????,New,,,4,index ,,NamPQ,,08:30,13:30,01:00,,,,,,,,,,,,,
02/03/2016,100100885403-01W,?????????????????????????????,New,,2,2,set js index,,NamPQ,,13:30,15:30,,,,,,,,,,,,,,
01/03/2016,100100885403-01W,?????????????????????????????,New,,4,4,under,,TienND,,08:30,13:30,01:00,,,,,,,,,,,,,
02/03/2016,100100885403-01W,?????????????????????????????,Option,,3,2,kijikaku,,NamPQ,,15:30,17:30,,,,,,,,,,,,,,
03/03/2016,100100885403-01W,?????????????????????????????,Option,,,1,kijikaku,,NamPQ,,08:30,09:30,,,,,,,,,,,,,,
3/1/2016,100100885403-01W,?????????????????????????????,New,,3,3,sub page 2,,TienND,,13:30,16:30,,,,,,,,,,,,,,
02/03/2016,100100885403-01W,?????????????????????????????,New,,6,7,"sub page 3,4",,TienND,,08:30,16:30,1:00,,,,,,,,,,,,,
03/03/2016,100100885403-01W,?????????????????????????????,New,,6,7,"sub page 5,6",,NamPQ,,08:30,16:30,1:00,,,,,,,,,,,,,
04/03/2016,100100885403-01W,?????????????????????????????,New,,6,7,"sub page 7,8",,TienND,,08:30,16:30,1:00,,,,,,,,,,,,,
04/03/2016,100100885403-01W,?????????????????????????????,,,6,7,"sub page 9,10",,NamPQ,,08:30,16:30,1:00,,,,,,,,,,,,,
,,,,,,0,,,,,,,,,,,,,,,,,,,,
,,,,,,0,,,,,,,,,,,,,,,,,,,,
,100101077001-01W,?????????????,Plan,10,53,57,tiny + kijikaku + responsive,,Tien,,,,,,,,,,,,,,,,,
07/03/2016,100101077001-01W,?????????????,New,,12,8,index ,,NamPQ,,08:30,17:30,01:00,,,,,,,,,,,,,
08/03/2016,100101077001-01W,?????????????,New,,,4,index ,,NamPQ,,08:30,13:30,01:00,,,,,,,,,,,,,
08/03/2016,100101077001-01W,?????????????,New,,6,4,set js index,,NamPQ,,13:30,17:30,,,,,,,,,,,,,,
09/03/2016,100101077001-01W,?????????????,New,,,2,set js index,,NamPQ,,08:30,10:30,,,,,,,,,,,,,,
07/03/2016,100101077001-01W,?????????????,New,,4,4,under,,TienND,,08:30,13:30,01:00,,,,,,,,,,,,,
09/03/2016,100101077001-01W,?????????????,Option,,3,3,kijikaku,,NamPQ,,10:30,14:30,01:00,,,,,,,,,,,,,
09/03/2016,100101077001-01W,?????????????,Option,,1,1,tiny,,NamPQ,,14:30,15:30,,,,,,,,,,,,,,
3/7/2016,100101077001-01W,?????????????,New,,3,3,sub page 2,,TienND,,13:30,16:30,,,,,,,,,,,,,,
09/03/2016,100101077001-01W,?????????????,New,,6,7,"sub page 3,4",,TienND,,08:30,16:30,1:00,,,,,,,,,,,,,
10/03/2016,100101077001-01W,?????????????,New,,6,7,"sub page 5,6",,NamPQ,,08:30,16:30,1:00,,,,,,,,,,,,,
10/03/2016,100101077001-01W,?????????????,New,,6,7,"sub page 7,8",,TienND,,08:30,16:30,1:00,,,,,,,,,,,,,
11/03/2016,100101077001-01W,?????????????,New,,6,7,"sub page 9,10",,NamPQ,,08:30,16:30,1:00,,,,,,,,,,,,,
,,,,,,0,,,,,,,,,,,,,,,,,,,,
,,,,,,0,,,,,,,,,,,,,,,,,,,,
,100101032401-01W,???????????????,Plan,15,47,47,kijikaku + overnotes,,Tien,,,,,,,,,,,,,,,,,
12/03/2016,100101032401-01W,???????????????,New,,6,7,index ,,NamPQ,,08:30,16:30,01:00,,,,,,,,,,,,,
14/03/2016,100101032401-01W,???????????????,New,,3,3,set js index,,NamPQ,,08:30,11:30,,,,,,,,,,,,,,
11/03/2016,100101032401-01W,???????????????,New,,4,4,under,,TienND,,08:30,13:30,01:00,,,,,,,,,,,,,
14/03/2016,100101032401-01W,???????????????,Option,,3,3,kijikaku,,NamPQ,,11:30,15:30,01:00,,,,,,,,,,,,,
14/03/2016,100101032401-01W,???????????????,Option,,3,2,overnotes,,NamPQ,,15:30,17:30,,,,,,,,,,,,,,
3/11/2016,100101032401-01W,???????????????,New,,4,4,"sub page 2,3",,TienND,,13:30,17:30,,,,,,,,,,,,,,
3/14/2016,100101032401-01W,???????????????,New,,8,8,"sub page 4,5,6,7",,TienND,,08:30,17:30,1:00,,,,,,,,,,,,,
15/03/2016,100101032401-01W,???????????????,New,,8,8,"sub page 8,9,10,11",,TienND,,08:30,17:30,1:00,,,,,,,,,,,,,
16/03/2016,100101032401-01W,???????????????,New,,8,8,"sub page 12,13,14,15",,TienND,,08:30,17:30,1:00,,,,,,,,,,,,,
,,,,,,0,,,,,,,,,,,,,,,,,,,,
,,,,,,0,,,,,,,,,,,,,,,,,,,,
,000100101422-01W,?????????????????,Plan,26,62,61,,,Tien,,,,,,,,,,,,,,,,,
15/03/2016,000100101422-01W,?????????????????,New,,6,6,index ,,NamPQ,,08:30,15:30,01:00,,,,,,,,,,,,,
15/03/2016,000100101422-01W,?????????????????,New,,2,2,set js index,,NamPQ,,08:30,10:30,,,,,,,,,,,,,,
17/03/2016,000100101422-01W,?????????????????,New,,4,4,under,,TienND,,08:30,13:30,01:00,,,,,,,,,,,,,
,000100101422-01W,?????????????????,Option,,,0,kijikaku,,,,,,,,,,,,,,,,,,,
,000100101422-01W,?????????????????,Option,,,0,overnotes,,,,,,,,,,,,,,,,,,,
3/17/2016,000100101422-01W,?????????????????,New,,4,4,"sub page 2,3",,TienND,,13:30,17:30,,,,,,,,,,,,,,
3/18/2016,000100101422-01W,?????????????????,New,,8,8,"sub page 4,5,6,7",,TienND,,08:30,17:30,1:00,,,,,,,,,,,,,
21/03/2016,000100101422-01W,?????????????????,New,,8,8,"sub page 8,9,10,11",,TienND,,08:30,17:30,1:00,,,,,,,,,,,,,
22/03/2016,000100101422-01W,?????????????????,New,,8,8,"sub page 12,13,14,15",,TienND,,08:30,17:30,1:00,,,,,,,,,,,,,
16/03/2016,000100101422-01W,?????????????????,New,,4,4.5,"sub page 16,17",,NamPQ,,13:00,17:30,,,,,,,,,,,,,,
17/03/2016,000100101422-01W,?????????????????,New,,8,8,"sub page 18,19,20,21",,NamPQ,,08:30,17:30,1:00,,,,,,,,,,,,,
18/03/2016,000100101422-01W,?????????????????,New,,6,6.5,"sub page 22,23,24",,NamPQ,,08:30,16:00,1:00,,,,,,,,,,,,,
16/03/2016,000100101422-01W,?????????????????,New,,4,2,"sub page 25,26",,NamPQ,,08:30,10:30,,,,,,,,,,,,,,
,,,,,,0,,,,,,,,,,,,,,,,,,,,
,,,,,,0,,,,,,,,,,,,,,,,,,,,
,100100870710-01W,????????????????????,Plan,10,31,77.5,kijikaku,,Tien,,,,,,,,,,,,,,,,,
21/03/2016,100100870710-01W,????????????????????,New,,6,3,index ,,NamPQ,,13:00,16:00,,,,,,,,,,,,,,
22/03/2016,100100870710-01W,????????????????????,New,,,1.5,index ,,NamPQ,,08:30,10:00,,,,,,,,,,,,,,
,100100870710-01W,????????????????????,New,,,0,set js index,,,,,,,,,,,,,,,,,,,
23/03/2016,100100870710-01W,????????????????????,New,,4,4,under,,TienND,,08:30,13:30,01:00,,,,,,,,,,,,,
22/03/2016,100100870710-01W,????????????????????,Option,,3,3,kijikaku,,NamPQ,,10:00,14:00,01:00,,,,,,,,,,,,,
,100100870710-01W,????????????????????,Option,,,0,overnotes,,,,,,,,,,,,,,,,,,,
3/22/2016,100100870710-01W,????????????????????,New,,4,4,"sub page 2,3",,NamPQ,,13:30,17:30,,,,,,,,,,,,,,
3/23/2016,100100870710-01W,????????????????????,New,,4,4,"sub page 4,5",,TienND,,08:30,13:30,1:00,,,,,,,,,,,,,
24/03/2016,100100870710-01W,????????????????????,New,,8,8,"sub page 6,7,8,9",,TienND,,08:30,17:30,1:00,,,,,,,,,,,,,
25/03/2016,100100870710-01W,????????????????????,New,,2,2,sub page 10,,TienND,,08:30,10:30,,,,,,,,,,,,,,
,,,,,,0,,,,,,,,,,,,,,,,,,,,
,,,,,,0,,,,,,,,,,,,,,,,,,,,
,100101073101-01W,?????,Plan,20,49,43,overnotes,,Tien,,,,,,,,,,,,,,,,,
23/03/2016,100101073101-01W,?????,New,,6,5,index ,,NamPQ,,08:30,14:30,01:00,,,,,,,,,,,,,
24/03/2016,100101073101-01W,?????,New,,,1,index ,,NamPQ,,08:30,09:30,,,,,,,,,,,,,,
28/03/2016,100101073101-01W,?????,New,,1,1,under,,TienND,,08:30,09:30,,,,,,,,,,,,,,
,100101073101-01W,?????,Option,,,0,kijikaku,,,,,,,,,,,,,,,,,,,
30/03/2016,100101073101-01W,?????,Option,,4,3,overnotes,,NamPQ,,10:00,14:00,01:00,,,,,,,,,,,,,
3/25/2016,100101073101-01W,?????,New,,2,2,sub page 2,,NamPQ,,15:30,17:30,,,,,,,,,,,,,,
3/28/2016,100101073101-01W,?????,New,,6,6,"sub page 3,4,5",,TienND,,09:30,16:30,1:00,,,,,,,,,,,,,
28/03/2016,100101073101-01W,?????,New,,8,8,"sub page 6,7,8,9",,NamPQ,,08:30,17:30,1:00,,,,,,,,,,,,,
29/03/2016,100101073101-01W,?????,New,,6,5,"sub page 10,11,12",,TienND,,08:30,14:30,1:00,,,,,,,,,,,,,
24/03/2016,100101073101-01W,?????,New,,8,6,"sub page 13,14,15,16",,NamPQ,,08:30,15:30,1:00,,,,,,,,,,,,,
25/03/2016,100101073101-01W,?????,New,,8,6,"sub page 17,18,19,20",,NamPQ,,08:30,15:30,1:00,,,,,,,,,,,,,
,,,,,,0,,,,,,,,,,,,,,,,,,,,
,,,,,,0,,,,,,,,,,,,,,,,,,,,
,,,,,,0,,,,,,,,,,,,,,,,,,,,
,,,,,,,,,,,,,,,,,,,,,,,,,,
,,,,,,,,,,,,,,,,,,,,,,,,,,
,,,,,,,,,,,,,,,,,,,,,,,,,,
,,,,,,,,,,,,,,,,,,,,,,,,,,
,,,,,,,,,,,,,,,,,,,,,,,,,,
,,,,,,,,,,,,,,,,,,,,,,,,,,
,,,,,,,,,,,,,,,,,,,,,,,,,,
,,,,,,,,,,,,,,,,,,,,,,,,,,
,,,,,,,,,,,,,,,,,,,,,,,,,,
,,,,,,,,,,,,,,,,,,,,,,,,,,
,,,,,,,,,,,,,,,,,,,,,,,,,,
,,,,,,0,,,,,,,,,,,,,,,,,,,,
07/03/2016,100101061701-01W,,Fix,,,1,,index,HuyTV,done,10:00,11:00,,,,,,,,,,,,,,
07/03/2016,100100306125-01W,,Fix,,,7,,all pages,DatNVT,done,13:00,20:00,,,,,,,,,,,,,,
08/03/2016,100100306125-01W,,Fix,,,9.75,,all pages,DatNVT,done,08:30,19:15,1:00,,,,,,,,,,,,,
11/03/2016,100100306125-01W,,Fix,,,7,,all pages,DatNVT,done,13:00,20:00,,,,,,,,,,,,,,
12/03/2016,100100306125-01W,,Fix,,,8,,all pages,DatNVT,done,08:30,17:30,1:00,,,,,,,,,,,,,
09/03/2016,100100306125-01W,,Fix,,,7.5,,all pages,DatNVT,done,13:00,20:30,,,,,,,,,,,,,,
08/03/2016,100100927703-01W,????????????????????,Fix,,,0.5,,index,VuLDN,done,10:00,10:30,,,,,,,,,,,,,,
08/03/2016,100101069401-01W,???????????????????,Fix,,,4,,all pages,VuLDN,done,13:00,17:00,,,,,,,,,,,,,,
10/03/2016,100101069401-01W,???????????????????,Fix,,,2.5,,index,VuLDN,done,09:00,11:30,,,,,,,,,,,,,,
07/03/2016,100100294010-01W,,Fix,,,3,,all pages,LamNTP,done,08:30,11:30,,,,,,,,,,,,,,
18/03/2016,100101069401-01W,???????????????????,Fix,,,3,,all pages,VuLDN,done,08:30,11:30,,,,,,,,,,,,,,
18/03/2016,100101073401-01W,???? ???,Fix,,,4,,index,VuLDN,done,11:30,16:30,1:00,,,,,,,,,,,,,
09/03/2016,100101030101-01W,,Fix,,,3,,"index, flow.html, staff.html",HuyTV,done,08:30,11:30,,,,,,,,,,,,,,
21/03/2016,00100344313-01W,?????????????????,Fix,,,2,,index,VuLDN,done,13:00,15:00,,,,,,,,,,,,,,
22/03/2016,100101061805-01W,?????????????,Fix,-,10,8,,"index.html, all page",LamNTP,done,08:30,17:30,1:00,"js menu, design header",,,,,,,,,,,,
22/03/2016,100101061805-01W,?????????????,Fix,-,10,8,,"access.html, staff.html, recuit.html",ThuyTTN,done,08:30,17:30,1:00,design illust map,,,,,,,,,,,,
23/03/2016,100101061805-01W,?????????????,Fix,-,-,1,,staff.html,ThuyTTN,done,08:30,09:30,,,,,,,,,,,,,,
23/03/2016,100101029301-01W,??????????,Fix,-,7,4,,staff.html,ThuyTTN,done,09:30,14:30,1:00,edit 70 img,,,,,,,,,,,,
23/03/2016,100101029301-01W,??????????,Fix,-,7,6.5,,all pages,TrucPTT,done,08:30,16:00,1:00,,,,,,,,,,,,,
22/03/2016,100101077401-01W,???????????????,Fix,,,6,,all pages,TrucPTT,done,08:30,15:30,1:00,,,,,,,,,,,,,
23/03/2016,100101069401-01W,???????????????????,Fix,,,4.5,,all pages,VuLDN,done,08:30,14:00,1:00,,,,,,,,,,,,,
23/03/2016,100101077401-01W,?? ????????????,Fix,,3,3,,all pages,ThuyTTN,done,14:30,17:30,,,,,,,,,,,,,,
3/24/2016,000100098019-01W,??????????????????,Fix,,1.5,2,,all pages,TrucPTT,done,10:30,13:30,1:00,,,,,,,,,,,,,
3/24/2016,100101077401-01W,?? ????????????,Fix,,3,3,,all pages,TrucPTT,done,13:30,16:30,,,,,,,,,,,,,,
28/03/2016,100100888803-01W,???? ???????,Fix,,2,2,,all pages,VuLDN,done,11:30,14:30,1:00,,,,,,,,,,,,,
25/03/2016,100101061805-01W,?????????????,Fix,,1.5,1.5,,staff.html,LamNTP,done,13:00,14:30,,,,,,,,,,,,,,
25/03/2016,100100356333-01W,???? ??????,Fix,,2,2,,"index.html, about",LamNTP,done,14:30,16:30,,,,,,,,,,,,,,
28/03/2016,100101061805-01W,?????????????,Fix,,1.5,1.5,,staff.html,LamNTP,done,08:30,10:00,,,,,,,,,,,,,,
28/03/2016,100101077401-01W,???????????????,Fix,,3,3,,all pages,LamNTP,done,10:00,14:00,1:00,,,,,,,,,,,,,
21/03/2016,100100289108-01W,,Fix,,2,2,,all pages,DatNVT,done,18:30,20:30,,,,,,,,,,,,,,
28/03/2016,100100721903-01W,???PDM?????,Fix,,3,3,,all pages,ThuyTTN,done,08:30,11:30,,,,,,,,,,,,,,
28/03/2016,100100975101-01W,???? ??????,Fix,,2,2,,all pages,ThuyTTN,done,11:30,14:30,1:00,,,,,,,,,,,,,
28/03/2016,100100941105-01W,???????????????,Fix,,3,3,,all pages,ThuyTTN,done,14:30,17:30,,,,,,,,,,,,,,
3/14/2016,100101067301-01W,,Fix,,3.5,3.5,,all pages,HuyTV,done,09:00,13:30,1:00,,,,,,,,,,,,,
3/18/2016,000100165713-01W,,Fix,,3,3,,all pages,HuyTV,done,09:00,13:00,1:00,,,,,,,,,,,,,
24/03/2016,000100010717-01W,,Fix,,2,2,,all pages,HuyTV,done,13:00,15:00,,,,,,,,,,,,,,
28/03/2016,100101069401-01W,,Fix,,2,2,,all pages,HuyTV,done,15:00,17:00,,,,,,,,,,,,,,
29/03/2016,100100871809-01W,?????Manzana,Fix,,2,2,,all pages,ThuyTTN,done,09:00,11:00,,,,,,,,,,,,,,
29/03/2016,100101061805-01W,?? ??????????,Fix,,5,5,,all pages,ThuyTTN,done,11:00,17:00,1:00,,,,,,,,,,,,,
30/03/2016,100100356333-01W,???????????????,Fix,,1.5,1.5,,all pages,ThuyTTN,done,09:00,10:30,,,,,,,,,,,,,,
12/03/2016,100101064001-01W,?????????,Fix,,,6.5,,"index.html,implant.html,cosmetic-dentistry.html,endo.html,clinic_index.html",VanVTK,done,10:00,17:30,1:00,,,,,,,,,,,,,
14/03/2016,100101064001-01W,?????????,Fix,,,2.5,,all pages,VanVTK,done,13:30,16:00,,js new menu all pages,,,,,,,,,,,,
29/03/2016,100101064001-01W,?????????,Fix,,5,5,,all pages,BichVTN,done,10:00,16:00,1:00,,,,,,,,,,,,,
29/03/2016,100101077401-01W,?? ????????????,Fix,,3,3,,all pages,TrucPTT,done,08:30,11:30,,,,,,,,,,,,,,
29/03/2016,100101055301-01W,?????,Fix,,2.5,2.5,,all pages,TrucPTT,done,11:30,15:00,1:00,,,,,,,,,,,,,
29/03/2016,100100928134-01W,?????????????,Fix,,,2.5,,all pages,TrucPTT,done,15:00,17:30,,,,,,,,,,,,,,
30/03/2016,100100928134-01W,?????????????,Fix,,,6,,all pages,TrucPTT,done,08:30,15:30,01:00,,,,,,,,,,,,,
08/03/2016,100100859703-01W,???????????,Fix,,4,4,,index,TienND,done,08:30,13:30,1:00,,,,,,,,,,,,,
08/03/2016,100100534605-01W,????????????,Fix,,1.5,1.5,,index,TienND,done,13:30,15:00,,,,,,,,,,,,,,
08/03/2016,100100885403-01W,?????????????????????????????,Fix,,2,2,,index,TienND,done,15:00,17:00,,,,,,,,,,,,,,
30/03/2016,100101077401-01W,?? ????????????,Fix,,3,3,,all pages,ThuyTTN,done,14:00,17:00,,,,,,,,,,,,,,
16/03/2016,100100885403-01W,?????????????????????????????,Fix,,2,2,,index,NamPQ,done,08:30,10:30,,,,,,,,,,,,,,
18/03/2016,100101077001-01W,?????????????,Fix,,1.5,1.5,,index,NamPQ,done,10:30,12:00,,,,,,,,,,,,,,
21/03/2016,100101070501-01W,?????????????,Fix,,5,5,,all pages,NamPQ,done,11:30,17:30,1:00,,,,,,,,,,,,,
25/03/2016,000100010716-01W,????????????????????,,,3,3,,index,TienND,,08:30,11:30,,,,,,,,,,,,,,
25/03/2016,100100885403-01W,?????????????????????????????,,,2,2,,index,TienND,,11:30,14:30,1:00,,,,,,,,,,,,,
31/03/2016,100101077401-01W,?? ????????????,Fix,,2,2,,all pages,TrucPTT,done,09:00,11:00,,,,,,,,,,,,,,
,,,,,,0,,,,,,,,,,,,,,,,,,,,
,,,,,,0,,,,,,,,,,,,,,,,,,,,
,,,,,,0,,,,,,,,,,,,,,,,,,,,
,,,,,,0,,,,,,,,,,,,,,,,,,,,
,,,,,,0,,,,,,,,,,,,,,,,,,,,
,,,,,,0,,,,,,,,,,,,,,,,,,,,
,,,,,,0,,,,,,,,,,,,,,,,,,,,
,,,,,,0,,,,,,,,,,,,,,,,,,,,
,,,,,,0,,,,,,,,,,,,,,,,,,,,
,,,,,,0,,,,,,,,,,,,,,,,,,,,
,,,,,,0,,,,,,,,,,,,,,,,,,,,
,,,,,,0,,,,,,,,,,,,,,,,,,,,
,,,,,,0,,,,,,,,,,,,,,,,,,,,
,,,,,,0,,,,,,,,,,,,,,,,,,,,
,,,,,,0,,,,,,,,,,,,,,,,,,,,
,,,,,,0,,,,,,,,,,,,,,,,,,,,
,,,,,,0,,,,,,,,,,,,,,,,,,,,
,,,,,,0,,,,,,,,,,,,,,,,,,,,
,,,,,,0,,,,,,,,,,,,,,,,,,,,
,,,,,,0,,,,,,,,,,,,,,,,,,,,
,,,,,,0,,,,,,,,,,,,,,,,,,,,
,,,,,,0,,,,,,,,,,,,,,,,,,,,
,,,,,,0,,,,,,,,,,,,,,,,,,,,
,,,,,,0,,,,,,,,,,,,,,,,,,,,
,,,,,,0,,,,,,,,,,,,,,,,,,,,
,,,,,,0,,,,,,,,,,,,,,,,,,,,
,,,,,,0,,,,,,,,,,,,,,,,,,,,
,,,,,,0,,,,,,,,,,,,,,,,,,,,
,,,,,,0,,,,,,,,,,,,,,,,,,,,
,,,,,,0,,,,,,,,,,,,,,,,,,,,
,,,,,,0,,,,,,,,,,,,,,,,,,,,
,,,,,,0,,,,,,,,,,,,,,,,,,,,
,,,,,,0,,,,,,,,,,,,,,,,,,,,
,,,,,,0,,,,,,,,,,,,,,,,,,,,
,,,,,,0,,,,,,,,,,,,,,,,,,,,
,,,,,,0,,,,,,,,,,,,,,,,,,,,
,,,,,,0,,,,,,,,,,,,,,,,,,,,
,,,,,,0,,,,,,,,,,,,,,,,,,,,
,,,,,,0,,,,,,,,,,,,,,,,,,,,
,,,,,,0,,,,,,,,,,,,,,,,,,,,
,,,,,,0,,,,,,,,,,,,,,,,,,,,
,,,,,,0,,,,,,,,,,,,,,,,,,,,
,,,,,,0,,,,,,,,,,,,,,,,,,,,
,,,,,,0,,,,,,,,,,,,,,,,,,,,
,,,,,,0,,,,,,,,,,,,,,,,,,,,
,,,,,,0,,,,,,,,,,,,,,,,,,,,
,,,,,,0,,,,,,,,,,,,,,,,,,,,
,,,,,,0,,,,,,,,,,,,,,,,,,,,
,,,,,,0,,,,,,,,,,,,,,,,,,,,
,,,,,,0,,,,,,,,,,,,,,,,,,,,
,,,,,,0,,,,,,,,,,,,,,,,,,,,
,,,,,,0,,,,,,,,,,,,,,,,,,,,
,,,,,,0,,,,,,,,,,,,,,,,,,,,
,,,,,,0,,,,,,,,,,,,,,,,,,,,
,,,,,,0,,,,,,,,,,,,,,,,,,,,
,,,,,,0,,,,,,,,,,,,,,,,,,,,
,,,,,,0,,,,,,,,,,,,,,,,,,,,
,,,,,,0,,,,,,,,,,,,,,,,,,,,
,,,,,,0,,,,,,,,,,,,,,,,,,,,
,,,,,,0,,,,,,,,,,,,,,,,,,,,
,,,,,,0,,,,,,,,,,,,,,,,,,,,
,,,,,,0,,,,,,,,,,,,,,,,,,,,
,,,,,,0,,,,,,,,,,,,,,,,,,,,
,,,,,,0,,,,,,,,,,,,,,,,,,,,
,,,,,,0,,,,,,,,,,,,,,,,,,,,
,,,,,,0,,,,,,,,,,,,,,,,,,,,
,,,,,,0,,,,,,,,,,,,,,,,,,,,
,,,,,,0,,,,,,,,,,,,,,,,,,,,
,,,,,,0,,,,,,,,,,,,,,,,,,,,
,,,,,,0,,,,,,,,,,,,,,,,,,,,
,,,,,,0,,,,,,,,,,,,,,,,,,,,
,,,,,,0,,,,,,,,,,,,,,,,,,,,
,,,,,,0,,,,,,,,,,,,,,,,,,,,
,,,,,,0,,,,,,,,,,,,,,,,,,,,
,,,,,,0,,,,,,,,,,,,,,,,,,,,
,,,,,,0,,,,,,,,,,,,,,,,,,,,
,,,,,,0,,,,,,,,,,,,,,,,,,,,
,,,,,,0,,,,,,,,,,,,,,,,,,,,
,,,,,,0,,,,,,,,,,,,,,,,,,,,
,,,,,,0,,,,,,,,,,,,,,,,,,,,
,,,,,,0,,,,,,,,,,,,,,,,,,,,
,,,,,,0,,,,,,,,,,,,,,,,,,,,
,,,,,,0,,,,,,,,,,,,,,,,,,,,
,,,,,,0,,,,,,,,,,,,,,,,,,,,
,,,,,,0,,,,,,,,,,,,,,,,,,,,
,,,,,,0,,,,,,,,,,,,,,,,,,,,
,,,,,,0,,,,,,,,,,,,,,,,,,,,
,,,,,,0,,,,,,,,,,,,,,,,,,,,
,,,,,,0,,,,,,,,,,,,,,,,,,,,
,,,,,,0,,,,,,,,,,,,,,,,,,,,
,,,,,,0,,,,,,,,,,,,,,,,,,,,
,,,,,,0,,,,,,,,,,,,,,,,,,,,
,,,,,,0,,,,,,,,,,,,,,,,,,,,
,,,,,,0,,,,,,,,,,,,,,,,,,,,
,,,,,,0,,,,,,,,,,,,,,,,,,,,
,,,,,,0,,,,,,,,,,,,,,,,,,,,
,,,,,,0,,,,,,,,,,,,,,,,,,,,
,,,,,,0,,,,,,,,,,,,,,,,,,,,
,,,,,,0,,,,,,,,,,,,,,,,,,,,
,,,,,,0,,,,,,,,,,,,,,,,,,,,
,,,,,,0,,,,,,,,,,,,,,,,,,,,
,,,,,,0,,,,,,,,,,,,,,,,,,,,
,,,,,,0,,,,,,,,,,,,,,,,,,,,
,,,,,,0,,,,,,,,,,,,,,,,,,,,
,,,,,,0,,,,,,,,,,,,,,,,,,,,
,,,,,,0,,,,,,,,,,,,,,,,,,,,
,,,,,,0,,,,,,,,,,,,,,,,,,,,
,,,,,,0,,,,,,,,,,,,,,,,,,,,
,,,,,,0,,,,,,,,,,,,,,,,,,,,
,,,,,,0,,,,,,,,,,,,,,,,,,,,
,,,,,,0,,,,,,,,,,,,,,,,,,,,
,,,,,,0,,,,,,,,,,,,,,,,,,,,
,,,,,,0,,,,,,,,,,,,,,,,,,,,
,,,,,,0,,,,,,,,,,,,,,,,,,,,
,,,,,,0,,,,,,,,,,,,,,,,,,,,
,,,,,,0,,,,,,,,,,,,,,,,,,,,
,,,,,,0,,,,,,,,,,,,,,,,,,,,
,,,,,,0,,,,,,,,,,,,,,,,,,,,
,,,,,,0,,,,,,,,,,,,,,,,,,,,
,,,,,,0,,,,,,,,,,,,,,,,,,,,
,,,,,,0,,,,,,,,,,,,,,,,,,,,
,,,,,,0,,,,,,,,,,,,,,,,,,,,
,,,,,,0,,,,,,,,,,,,,,,,,,,,
,,,,,,0,,,,,,,,,,,,,,,,,,,,
,,,,,,0,,,,,,,,,,,,,,,,,,,,
,,,,,,0,,,,,,,,,,,,,,,,,,,,
,,,,,,0,,,,,,,,,,,,,,,,,,,,
,,,,,,0,,,,,,,,,,,,,,,,,,,,
,,,,,,0,,,,,,,,,,,,,,,,,,,,
,,,,,,0,,,,,,,,,,,,,,,,,,,,
,,,,,,0,,,,,,,,,,,,,,,,,,,,
,,,,,,0,,,,,,,,,,,,,,,,,,,,
,,,,,,0,,,,,,,,,,,,,,,,,,,,
,,,,,,0,,,,,,,,,,,,,,,,,,,,
,,,,,,0,,,,,,,,,,,,,,,,,,,,
,,,,,,0,,,,,,,,,,,,,,,,,,,,
,,,,,,0,,,,,,,,,,,,,,,,,,,,
,,,,,,0,,,,,,,,,,,,,,,,,,,,
,,,,,,0,,,,,,,,,,,,,,,,,,,,
,,,,,,0,,,,,,,,,,,,,,,,,,,,
,,,,,,0,,,,,,,,,,,,,,,,,,,,
,,,,,,0,,,,,,,,,,,,,,,,,,,,
,,,,,,0,,,,,,,,,,,,,,,,,,,,
,,,,,,0,,,,,,,,,,,,,,,,,,,,
,,,,,,0,,,,,,,,,,,,,,,,,,,,
,,,,,,0,,,,,,,,,,,,,,,,,,,,
,,,,,,0,,,,,,,,,,,,,,,,,,,,
,,,,,,0,,,,,,,,,,,,,,,,,,,,
,,,,,,0,,,,,,,,,,,,,,,,,,,,
,,,,,,0,,,,,,,,,,,,,,,,,,,,
,,,,,,0,,,,,,,,,,,,,,,,,,,,
,,,,,,0,,,,,,,,,,,,,,,,,,,,
,,,,,,0,,,,,,,,,,,,,,,,,,,,
,,,,,,0,,,,,,,,,,,,,,,,,,,,
,,,,,,0,,,,,,,,,,,,,,,,,,,,
,,,,,,0,,,,,,,,,,,,,,,,,,,,
,,,,,,0,,,,,,,,,,,,,,,,,,,,
,,,,,,0,,,,,,,,,,,,,,,,,,,,
,,,,,,0,,,,,,,,,,,,,,,,,,,,
,,,,,,0,,,,,,,,,,,,,,,,,,,,
,,,,,,0,,,,,,,,,,,,,,,,,,,,
,,,,,,0,,,,,,,,,,,,,,,,,,,,
,,,,,,0,,,,,,,,,,,,,,,,,,,,
,,,,,,0,,,,,,,,,,,,,,,,,,,,
,,,,,,0,,,,,,,,,,,,,,,,,,,,
,,,,,,0,,,,,,,,,,,,,,,,,,,,
,,,,,,0,,,,,,,,,,,,,,,,,,,,
,,,,,,0,,,,,,,,,,,,,,,,,,,,
,,,,,,0,,,,,,,,,,,,,,,,,,,,
01/03/2016,100101066201-01W,,Fixed,,1,1,all pages,,ManhT,done,08:30,09:30,,,,,,,,,,,,,,
01/03/2016,100101031701-01W,,Fixed,,3,3,all pages,,ManhT,done,09:30,13:30,1:00,,,,,,,,,,,,,
02/03/2016,100101031701-01W,,Fixed,,1,1,all pages,,ManhT,done,08:30,09:30,,,,,,,,,,,,,,
01/03/2016,100101040901-01W,,Fix,2,3,3,,,DiepBNH,done,13:00,16:00,,,,,,,,,,,,,,
02/03/2016,100101029301-01W,??????????,Fix,2,2.5,2,,,TrucPTT,done,08:30,10:30,,,,,,,,,,,,,,
04/03/2016,100100705003-01W,,Fixed,,,1,all pages,,ManhT,done,08:30,09:30,,,,,,,,,,,,,,
04/03/2016,100101040901-01W,,Fixed,,,1.5,all pages,,ManhT,done,08:30,10:00,,,,,,,,,,,,,,
10/03/2016,100101067301-01W,,Fixed,,,2,,,ManhT,done,17:30,19:30,,,,,,,,,,,,,,
21/03/2016,100101070801-01W,,Fixed,,,3,all pages,,ManhT,done,14:30,17:30,,,,,,,,,,,,,,
21/03/2016,100101067801-01W,,Fixed,,,3,all pages,,ManhT,done,14:30,17:30,,,,,,,,,,,,,,
21/03/2016,000100062713-01W,,Fixed,,,5,all pages,,ManhT,done,08:30,14:30,1:00,,,,,,,,,,,,,
22/03/2016,100101070801-01W,,Fixed,,,1,all pages,,ManhT,done,08:30,09:30,,,,,,,,,,,,,,
23/03/2016,100100705003-01W,,Fixed,,,1,all pages,,ManhT,done,09:30,10:30,,,,,,,,,,,,,,
23/03/2016,100101072301-01W,,Fixed,,,1.5,all pages,,ManhT,done,10:30,12:00,,,,,,,,,,,,,,
31/03/2016,100101069401-01W,,Fixed,,,2,all pages,,ManhT,done,10:00,12:00,,,,,,,,,,,,,,
,,,,,,0,,,,,,,,,,,,,,,,,,,,
,,,,,,0,,,,,,,,,,,,,,,,,,,,
,,,,,,0,,,,,,,,,,,,,,,,,,,,
,,,,,,0,,,,,,,,,,,,,,,,,,,,
,,,,,,0,,,,,,,,,,,,,,,,,,,,
,,,,,,0,,,,,,,,,,,,,,,,,,,,
,,,,,,0,,,,,,,,,,,,,,,,,,,,
,,,,,,0,,,,,,,,,,,,,,,,,,,,
,,,,,,0,,,,,,,,,,,,,,,,,,,,
,,,,,,0,,,,,,,,,,,,,,,,,,,,
,,,,,,0,,,,,,,,,,,,,,,,,,,,
,,,,,,0,,,,,,,,,,,,,,,,,,,,
,,,,,,0,,,,,,,,,,,,,,,,,,,,
,,,,,,0,,,,,,,,,,,,,,,,,,,,
,,,,,,0,,,,,,,,,,,,,,,,,,,,
,,,,,,0,,,,,,,,,,,,,,,,,,,,
,,,,,,0,,,,,,,,,,,,,,,,,,,,
,,,,,,0,,,,,,,,,,,,,,,,,,,,
,,,,,,0,,,,,,,,,,,,,,,,,,,,
,,,,,,0,,,,,,,,,,,,,,,,,,,,
,,,,,,0,,,,,,,,,,,,,,,,,,,,
,,,,,,0,,,,,,,,,,,,,,,,,,,,
,,,,,,0,,,,,,,,,,,,,,,,,,,,
,,,,,,0,,,,,,,,,,,,,,,,,,,,
,,,,,,0,,,,,,,,,,,,,,,,,,,,
,,,,,,0,,,,,,,,,,,,,,,,,,,,
,,,,,,0,,,,,,,,,,,,,,,,,,,,
,,,,,,0,,,,,,,,,,,,,,,,,,,,
,,,,,,0,,,,,,,,,,,,,,,,,,,,
,,,,,,0,,,,,,,,,,,,,,,,,,,,
,,,,,,0,,,,,,,,,,,,,,,,,,,,
,,,,,,0,,,,,,,,,,,,,,,,,,,,
,,,,,,0,,,,,,,,,,,,,,,,,,,,
,,,,,,0,,,,,,,,,,,,,,,,,,,,
,,,,,,0,,,,,,,,,,,,,,,,,,,,
,,,,,,0,,,,,,,,,,,,,,,,,,,,
,,,,,,0,,,,,,,,,,,,,,,,,,,,
,,,,,,0,,,,,,,,,,,,,,,,,,,,
,,,,,,0,,,,,,,,,,,,,,,,,,,,
,,,,,,0,,,,,,,,,,,,,,,,,,,,
,,,,,,0,,,,,,,,,,,,,,,,,,,,
,,,,,,0,,,,,,,,,,,,,,,,,,,,
,,,,,,0,,,,,,,,,,,,,,,,,,,,
,,,,,,0,,,,,,,,,,,,,,,,,,,,
,,,,,,0,,,,,,,,,,,,,,,,,,,,
,,,,,,0,,,,,,,,,,,,,,,,,,,,
,,,,,,0,,,,,,,,,,,,,,,,,,,,
,,,,,,0,,,,,,,,,,,,,,,,,,,,
,,,,,,0,,,,,,,,,,,,,,,,,,,,
,,,,,,0,,,,,,,,,,,,,,,,,,,,
,,,,,,0,,,,,,,,,,,,,,,,,,,,
,,,,,,0,,,,,,,,,,,,,,,,,,,,
,,,,,,0,,,,,,,,,,,,,,,,,,,,
,,,,,,0,,,,,,,,,,,,,,,,,,,,
,,,,,,0,,,,,,,,,,,,,,,,,,,,
,,,,,,0,,,,,,,,,,,,,,,,,,,,
,,,,,,0,,,,,,,,,,,,,,,,,,,,
,,,,,,0,,,,,,,,,,,,,,,,,,,,
,,,,,,0,,,,,,,,,,,,,,,,,,,,
,,,,,,0,,,,,,,,,,,,,,,,,,,,
,,,,,,0,,,,,,,,,,,,,,,,,,,,
,,,,,,0,,,,,,,,,,,,,,,,,,,,
,,,,,,0,,,,,,,,,,,,,,,,,,,,
,,,,,,0,,,,,,,,,,,,,,,,,,,,
,,,,,,0,,,,,,,,,,,,,,,,,,,,
,,,,,,0,,,,,,,,,,,,,,,,,,,,
,,,,,,0,,,,,,,,,,,,,,,,,,,,
,,,,,,0,,,,,,,,,,,,,,,,,,,,
,,,,,,0,,,,,,,,,,,,,,,,,,,,
,,,,,,0,,,,,,,,,,,,,,,,,,,,
,,,,,,0,,,,,,,,,,,,,,,,,,,,
,,,,,,0,,,,,,,,,,,,,,,,,,,,
,,,,,,0,,,,,,,,,,,,,,,,,,,,
,,,,,,0,,,,,,,,,,,,,,,,,,,,
,,,,,,0,,,,,,,,,,,,,,,,,,,,
,,,,,,0,,,,,,,,,,,,,,,,,,,,
,,,,,,0,,,,,,,,,,,,,,,,,,,,
,,,,,,0,,,,,,,,,,,,,,,,,,,,
,,,,,,0,,,,,,,,,,,,,,,,,,,,
,,,,,,0,,,,,,,,,,,,,,,,,,,,
,,,,,,0,,,,,,,,,,,,,,,,,,,,
,,,,,,0,,,,,,,,,,,,,,,,,,,,
,,,,,,0,,,,,,,,,,,,,,,,,,,,
,,,,,,0,,,,,,,,,,,,,,,,,,,,
,,,,,,0,,,,,,,,,,,,,,,,,,,,
,,,,,,0,,,,,,,,,,,,,,,,,,,,
,,,,,,0,,,,,,,,,,,,,,,,,,,,
,,,,,,0,,,,,,,,,,,,,,,,,,,,
,,,,,,0,,,,,,,,,,,,,,,,,,,,
,,,,,,0,,,,,,,,,,,,,,,,,,,,
,,,,,,0,,,,,,,,,,,,,,,,,,,,
,,,,,,0,,,,,,,,,,,,,,,,,,,,
,,,,,,0,,,,,,,,,,,,,,,,,,,,
,,,,,,0,,,,,,,,,,,,,,,,,,,,
,,,,,,0,,,,,,,,,,,,,,,,,,,,
,,,,,,0,,,,,,,,,,,,,,,,,,,,
,,,,,,0,,,,,,,,,,,,,,,,,,,,
,,,,,,0,,,,,,,,,,,,,,,,,,,,
,,,,,,0,,,,,,,,,,,,,,,,,,,,
,,,,,,0,,,,,,,,,,,,,,,,,,,,
,,,,,,0,,,,,,,,,,,,,,,,,,,,
,,,,,,0,,,,,,,,,,,,,,,,,,,,
,,,,,,0,,,,,,,,,,,,,,,,,,,,
,,,,,,0,,,,,,,,,,,,,,,,,,,,
,,,,,,0,,,,,,,,,,,,,,,,,,,,
,,,,,,0,,,,,,,,,,,,,,,,,,,,
,,,,,,0,,,,,,,,,,,,,,,,,,,,
,,,,,,0,,,,,,,,,,,,,,,,,,,,
,,,,,,0,,,,,,,,,,,,,,,,,,,,
,,,,,,0,,,,,,,,,,,,,,,,,,,,
,,,,,,0,,,,,,,,,,,,,,,,,,,,
,,,,,,0,,,,,,,,,,,,,,,,,,,,
,,,,,,0,,,,,,,,,,,,,,,,,,,,
,,,,,,0,,,,,,,,,,,,,,,,,,,,
,,,,,,0,,,,,,,,,,,,,,,,,,,,
,,,,,,0,,,,,,,,,,,,,,,,,,,,
,,,,,,0,,,,,,,,,,,,,,,,,,,,
,,,,,,0,,,,,,,,,,,,,,,,,,,,
,,,,,,0,,,,,,,,,,,,,,,,,,,,
,,,,,,0,,,,,,,,,,,,,,,,,,,,
